0,SST1,SSTA1,SST2,SSTA2,SST3,SSTA3,SST4,SSTA4
03JAN1990,23.4,-0.4,25.1,-0.3,26.6,-0.0,28.6,0.2
10JAN1990,23.4,-0.8,25.2,-0.4,26.6,0.0,28.6,0.2
17JAN1990,24.2,-0.3,25.3,-0.3,26.5,-0.1,28.6,0.3
24JAN1990,24.4,-0.5,25.5,-0.4,26.5,-0.1,28.4,0.1
31JAN1990,25.1,-0.2,25.8,-0.2,26.7,0.1,28.4,0.1
07FEB1990,25.8,0.1,26.1,-0.1,26.8,0.1,28.4,0.2
14FEB1990,25.9,-0.2,26.4,0.0,26.9,0.2,28.5,0.3
21FEB1990,26.1,-0.2,26.7,0.2,27.1,0.2,28.9,0.7
28FEB1990,26.1,-0.2,26.7,-0.1,27.2,0.2,29.0,0.7
07MAR1990,26.7,0.2,26.7,-0.3,27.3,0.2,28.9,0.6
14MAR1990,26.1,-0.5,26.9,-0.3,27.3,0.1,28.6,0.3
21MAR1990,26.1,-0.3,27.2,-0.0,27.6,0.2,28.7,0.3
28MAR1990,25.7,-0.5,27.5,0.1,27.8,0.2,28.8,0.3
04APR1990,25.6,-0.4,27.6,0.2,27.9,0.3,28.8,0.3
11APR1990,25.1,-0.6,27.6,0.1,27.9,0.1,28.8,0.2
18APR1990,25.3,-0.1,27.7,0.1,28.0,0.1,28.9,0.2
25APR1990,25.1,-0.1,27.7,0.3,28.2,0.3,29.2,0.4
02MAY1990,24.6,-0.3,27.6,0.2,28.1,0.2,29.0,0.2
09MAY1990,24.2,-0.4,27.5,0.3,28.1,0.2,28.9,0.0
16MAY1990,24.3,-0.1,27.4,0.2,28.0,0.1,28.8,-0.1
23MAY1990,23.7,-0.3,27.2,0.1,28.1,0.2,29.0,0.1
30MAY1990,23.4,-0.3,27.1,0.2,27.9,0.0,28.9,-0.0
06JUN1990,23.2,-0.2,26.7,-0.0,27.7,-0.1,28.9,-0.1
13JUN1990,22.8,-0.3,26.6,-0.0,27.7,-0.1,29.0,-0.0
20JUN1990,22.5,-0.2,26.4,-0.1,27.5,-0.2,29.0,-0.0
27JUN1990,22.1,-0.4,26.0,-0.3,27.3,-0.3,28.9,-0.1
04JUL1990,21.7,-0.5,25.8,-0.3,27.3,-0.2,28.9,-0.0
11JUL1990,21.3,-0.6,25.4,-0.5,27.2,-0.2,28.8,-0.2
18JUL1990,21.0,-0.6,25.7,-0.0,27.4,0.1,29.1,0.1
25JUL1990,20.2,-1.1,25.1,-0.5,27.3,0.1,29.1,0.2
01AUG1990,20.6,-0.6,25.1,-0.3,27.1,0.0,29.0,0.1
08AUG1990,20.4,-0.5,25.2,-0.0,27.2,0.2,29.3,0.4
15AUG1990,20.4,-0.3,25.1,0.1,27.0,0.2,29.2,0.4
22AUG1990,19.8,-0.8,24.9,-0.1,27.0,0.1,29.2,0.4
29AUG1990,20.2,-0.3,25.0,0.1,26.9,0.1,29.0,0.3
05SEP1990,19.7,-0.8,24.9,-0.0,26.7,-0.0,28.9,0.2
12SEP1990,20.1,-0.3,24.7,-0.2,26.7,-0.1,29.1,0.3
19SEP1990,20.3,-0.1,24.9,0.1,26.8,0.0,29.1,0.3
26SEP1990,20.3,-0.2,24.8,-0.1,26.7,0.0,29.0,0.2
03OCT1990,20.8,0.2,25.1,0.2,26.9,0.2,29.2,0.4
10OCT1990,20.1,-0.6,24.9,-0.0,27.0,0.3,29.1,0.4
17OCT1990,20.3,-0.5,24.9,-0.1,27.0,0.2,29.3,0.5
24OCT1990,20.1,-0.8,24.9,-0.1,27.0,0.3,29.3,0.5
31OCT1990,20.2,-1.0,24.7,-0.3,26.9,0.2,29.2,0.5
07NOV1990,20.5,-0.8,25.0,0.0,26.9,0.2,29.1,0.4
14NOV1990,20.8,-0.8,24.8,-0.2,26.7,-0.1,29.0,0.2
21NOV1990,20.9,-0.9,24.6,-0.4,26.6,-0.1,29.0,0.3
28NOV1990,21.5,-0.5,24.8,-0.3,26.5,-0.2,28.9,0.3
05DEC1990,22.2,-0.1,25.2,0.0,26.9,0.2,29.2,0.5
12DEC1990,22.1,-0.5,25.0,-0.2,26.8,0.2,29.3,0.7
19DEC1990,22.2,-0.7,24.9,-0.4,26.9,0.3,29.2,0.6
26DEC1990,23.3,-0.0,25.3,-0.0,27.0,0.4,29.0,0.5
02JAN1991,23.2,-0.5,25.3,-0.1,26.9,0.3,28.9,0.5
09JAN1991,23.5,-0.6,25.4,-0.1,27.0,0.4,29.1,0.7
16JAN1991,23.7,-0.7,25.7,0.1,27.0,0.5,29.0,0.7
23JAN1991,24.2,-0.6,25.8,-0.0,27.1,0.5,29.0,0.7
30JAN1991,24.7,-0.6,26.0,0.0,27.0,0.3,28.9,0.6
06FEB1991,25.4,-0.2,26.1,-0.0,27.0,0.3,28.8,0.5
13FEB1991,26.0,-0.0,26.3,-0.0,27.0,0.3,28.8,0.6
20FEB1991,26.5,0.3,26.3,-0.2,26.9,0.1,28.7,0.5
27FEB1991,26.5,0.1,26.5,-0.2,26.8,-0.1,28.5,0.2
06MAR1991,26.5,0.1,26.6,-0.3,26.8,-0.3,28.5,0.2
13MAR1991,26.8,0.3,27.0,-0.1,27.1,-0.2,28.5,0.2
20MAR1991,26.6,0.1,27.1,-0.1,27.4,0.1,28.6,0.2
27MAR1991,26.2,-0.0,27.4,0.0,27.7,0.2,28.9,0.5
03APR1991,25.8,-0.2,27.3,-0.1,27.8,0.1,28.9,0.4
10APR1991,25.2,-0.6,27.0,-0.5,27.8,0.0,29.1,0.5
17APR1991,24.9,-0.6,27.5,-0.1,28.2,0.3,29.2,0.5
24APR1991,24.3,-0.9,27.4,-0.1,28.1,0.2,29.2,0.5
01MAY1991,24.6,-0.3,27.6,0.2,28.1,0.1,29.1,0.3
08MAY1991,24.4,-0.3,27.5,0.3,28.3,0.4,29.3,0.5
15MAY1991,24.5,0.1,27.5,0.3,28.4,0.4,29.5,0.6
22MAY1991,24.3,0.2,27.7,0.6,28.5,0.6,29.5,0.6
29MAY1991,24.2,0.4,27.6,0.7,28.5,0.6,29.5,0.5
05JUN1991,23.7,0.3,27.5,0.7,28.3,0.5,29.3,0.4
12JUN1991,23.2,0.1,27.4,0.8,28.3,0.5,29.3,0.3
19JUN1991,23.0,0.2,27.2,0.8,28.4,0.7,29.4,0.4
26JUN1991,22.2,-0.3,27.3,1.0,28.4,0.8,29.4,0.4
03JUL1991,22.8,0.6,27.0,0.9,28.1,0.5,29.2,0.3
10JUL1991,22.3,0.4,26.8,0.9,28.1,0.6,29.2,0.2
17JUL1991,21.9,0.3,26.6,0.9,27.9,0.6,29.3,0.4
24JUL1991,21.6,0.2,26.2,0.6,27.7,0.4,29.2,0.3
31JUL1991,21.6,0.4,26.1,0.7,27.9,0.8,29.5,0.6
07AUG1991,21.2,0.3,25.6,0.3,27.5,0.5,29.3,0.5
14AUG1991,21.3,0.5,25.4,0.4,27.6,0.7,29.3,0.5
21AUG1991,20.9,0.3,25.4,0.4,27.4,0.6,29.3,0.5
28AUG1991,20.7,0.2,25.2,0.3,27.0,0.2,29.0,0.2
04SEP1991,20.9,0.4,25.1,0.1,27.1,0.3,29.1,0.3
11SEP1991,20.7,0.3,24.7,-0.1,26.9,0.1,29.0,0.3
18SEP1991,20.7,0.3,25.1,0.2,27.2,0.5,29.4,0.6
25SEP1991,20.8,0.3,25.2,0.3,27.1,0.4,29.2,0.4
02OCT1991,20.8,0.2,25.3,0.4,27.2,0.5,29.3,0.5
09OCT1991,21.1,0.4,25.6,0.6,27.7,1.0,29.5,0.7
16OCT1991,20.7,-0.0,25.5,0.5,27.8,1.1,29.6,0.9
23OCT1991,21.2,0.3,25.7,0.8,27.6,0.9,29.4,0.6
30OCT1991,21.9,0.8,25.9,0.9,27.8,1.0,29.4,0.7
06NOV1991,22.0,0.7,25.8,0.8,27.8,1.0,29.5,0.7
13NOV1991,21.9,0.4,25.9,0.9,27.8,1.0,29.5,0.8
20NOV1991,22.5,0.8,26.1,1.0,27.9,1.2,29.4,0.6
27NOV1991,22.3,0.3,26.1,1.0,28.0,1.3,29.4,0.8
04DEC1991,22.8,0.5,26.2,1.1,28.1,1.4,29.4,0.8
11DEC1991,23.4,0.8,26.5,1.3,28.3,1.7,29.4,0.8
18DEC1991,23.7,0.9,26.6,1.4,28.5,1.9,29.5,0.9
25DEC1991,23.6,0.4,26.7,1.3,28.5,1.9,29.6,1.1
01JAN1992,24.0,0.4,26.7,1.3,28.5,1.9,29.3,0.9
08JAN1992,24.2,0.2,26.8,1.3,28.5,1.9,29.2,0.8
15JAN1992,24.6,0.2,26.9,1.3,28.4,1.9,29.1,0.8
22JAN1992,25.3,0.5,27.1,1.3,28.4,1.8,29.0,0.7
29JAN1992,25.9,0.7,27.4,1.4,28.3,1.7,28.7,0.5
05FEB1992,26.3,0.7,27.5,1.3,28.4,1.7,28.8,0.6
12FEB1992,26.4,0.4,27.6,1.3,28.6,1.9,29.0,0.9
19FEB1992,26.8,0.6,27.8,1.3,28.8,2.0,29.2,1.0
26FEB1992,27.3,1.0,27.9,1.2,28.8,1.9,29.1,0.9
04MAR1992,27.3,0.9,27.9,1.1,28.6,1.5,29.1,0.8
11MAR1992,27.7,1.2,28.1,1.0,28.7,1.6,29.2,0.9
18MAR1992,27.9,1.3,28.5,1.3,28.8,1.5,28.9,0.6
25MAR1992,28.1,1.9,28.7,1.4,29.0,1.6,29.1,0.7
01APR1992,27.9,1.8,28.7,1.2,29.1,1.5,29.4,0.9
08APR1992,28.3,2.5,28.8,1.3,29.3,1.5,29.6,1.0
15APR1992,28.0,2.4,28.8,1.2,29.2,1.3,29.5,0.9
22APR1992,27.1,1.8,28.6,1.1,29.0,1.1,29.3,0.6
29APR1992,27.0,2.0,28.8,1.4,29.1,1.1,29.2,0.5
06MAY1992,27.0,2.3,28.8,1.5,29.2,1.2,29.4,0.6
13MAY1992,26.6,2.1,28.6,1.4,29.1,1.1,29.5,0.6
20MAY1992,25.8,1.7,28.2,1.1,29.0,1.0,29.5,0.6
27MAY1992,25.9,2.1,28.1,1.2,28.8,0.9,29.5,0.6
03JUN1992,24.2,0.7,27.5,0.7,28.6,0.8,29.4,0.4
10JUN1992,24.2,1.0,26.8,0.2,28.3,0.5,29.4,0.4
17JUN1992,23.9,1.0,26.6,0.0,27.8,0.1,29.2,0.2
24JUN1992,23.5,0.9,26.2,-0.2,27.6,-0.0,29.2,0.3
01JUL1992,22.3,0.1,25.8,-0.3,27.6,0.0,29.2,0.2
08JUL1992,23.0,1.0,26.2,0.2,28.0,0.6,29.5,0.6
15JUL1992,21.4,-0.3,25.7,-0.1,27.7,0.4,29.5,0.5
22JUL1992,21.6,0.2,25.1,-0.5,27.2,-0.1,29.2,0.3
29JUL1992,21.5,0.3,24.9,-0.6,27.1,-0.0,29.2,0.3
05AUG1992,20.8,-0.3,24.6,-0.7,26.7,-0.3,29.1,0.2
12AUG1992,20.8,-0.0,24.9,-0.3,26.6,-0.4,28.8,-0.0
19AUG1992,20.3,-0.4,24.6,-0.4,26.6,-0.3,28.8,0.0
26AUG1992,20.3,-0.3,24.8,-0.2,26.7,-0.1,28.9,0.1
02SEP1992,20.3,-0.2,24.4,-0.5,26.3,-0.5,28.6,-0.1
09SEP1992,19.7,-0.8,24.4,-0.5,26.4,-0.3,28.7,-0.0
16SEP1992,20.1,-0.2,24.5,-0.3,26.5,-0.2,28.9,0.1
23SEP1992,20.1,-0.3,24.6,-0.3,26.5,-0.2,28.9,0.1
30SEP1992,20.2,-0.4,24.7,-0.2,26.6,-0.1,28.7,-0.1
07OCT1992,20.5,-0.2,24.5,-0.5,26.4,-0.3,28.8,0.0
14OCT1992,20.7,-0.0,24.6,-0.3,26.4,-0.3,28.6,-0.2
21OCT1992,20.9,0.0,24.6,-0.4,26.2,-0.5,28.8,0.0
28OCT1992,21.5,0.4,24.8,-0.2,26.2,-0.5,28.5,-0.2
04NOV1992,21.2,-0.1,24.7,-0.3,26.3,-0.4,28.6,-0.2
11NOV1992,21.2,-0.2,24.8,-0.2,26.6,-0.2,28.8,0.0
18NOV1992,21.2,-0.4,24.7,-0.3,26.4,-0.3,28.5,-0.2
25NOV1992,22.1,0.2,24.9,-0.2,26.7,-0.1,28.8,0.1
02DEC1992,22.2,0.0,24.9,-0.3,26.7,-0.0,28.9,0.2
09DEC1992,22.2,-0.2,25.1,-0.1,26.8,0.1,28.7,0.1
16DEC1992,22.3,-0.4,24.9,-0.3,26.7,0.1,28.7,0.2
23DEC1992,22.5,-0.7,25.1,-0.2,26.8,0.2,28.9,0.4
30DEC1992,23.3,-0.2,25.1,-0.3,26.6,0.0,28.6,0.1
06JAN1993,23.6,-0.3,25.4,-0.1,26.7,0.1,28.5,0.1
13JAN1993,24.4,0.1,25.6,0.0,26.8,0.2,28.7,0.3
20JAN1993,24.5,-0.2,25.5,-0.2,26.6,0.0,28.6,0.3
27JAN1993,25.2,0.1,25.8,-0.1,26.7,0.0,28.6,0.4
03FEB1993,26.2,0.7,26.3,0.2,26.9,0.3,28.5,0.3
10FEB1993,26.6,0.7,26.4,0.2,26.8,0.1,28.3,0.1
17FEB1993,26.6,0.4,26.9,0.5,27.0,0.2,28.3,0.1
24FEB1993,26.6,0.3,26.7,0.1,27.1,0.2,28.5,0.2
03MAR1993,26.9,0.5,26.9,0.1,27.2,0.2,28.4,0.2
10MAR1993,27.2,0.7,27.3,0.3,27.4,0.3,28.4,0.1
17MAR1993,27.1,0.5,27.5,0.3,27.7,0.4,28.6,0.2
24MAR1993,27.2,0.9,28.0,0.7,28.0,0.6,28.8,0.4
31MAR1993,27.7,1.6,28.3,0.9,28.2,0.6,28.9,0.4
07APR1993,26.6,0.8,28.4,0.9,28.3,0.5,28.7,0.2
14APR1993,26.3,0.7,28.5,0.9,28.8,1.0,29.0,0.3
21APR1993,26.3,0.9,28.4,0.9,28.7,0.8,29.0,0.3
28APR1993,26.0,1.0,28.5,1.1,28.8,0.9,29.0,0.2
05MAY1993,25.9,1.1,28.5,1.1,28.8,0.9,28.9,0.1
12MAY1993,25.6,1.1,28.3,1.1,28.9,0.9,29.1,0.2
19MAY1993,24.9,0.6,28.1,1.0,28.8,0.9,29.2,0.3
26MAY1993,24.3,0.4,27.9,0.9,28.9,1.0,29.2,0.3
02JUN1993,24.5,0.9,27.7,0.8,28.6,0.8,29.2,0.3
09JUN1993,23.9,0.6,27.2,0.5,28.3,0.5,29.1,0.1
16JUN1993,23.6,0.6,27.1,0.5,28.2,0.5,29.1,0.1
23JUN1993,23.8,1.2,26.9,0.6,28.2,0.6,29.3,0.3
30JUN1993,23.0,0.6,26.7,0.5,28.1,0.5,29.3,0.3
07JUL1993,22.4,0.4,26.1,0.1,27.9,0.4,29.3,0.3
14JUL1993,22.2,0.4,25.8,-0.0,27.4,0.1,29.2,0.2
21JUL1993,22.0,0.5,25.6,-0.0,27.5,0.3,29.2,0.3
28JUL1993,21.3,-0.0,25.3,-0.2,27.2,0.0,29.1,0.2
04AUG1993,21.2,0.2,25.0,-0.3,26.8,-0.3,28.9,0.0
11AUG1993,20.8,-0.0,25.0,-0.2,26.9,-0.1,29.0,0.2
18AUG1993,21.1,0.4,24.8,-0.2,26.8,-0.1,28.7,-0.1
25AUG1993,21.2,0.6,24.9,-0.0,26.9,0.0,29.1,0.3
01SEP1993,20.9,0.4,24.9,-0.1,26.9,0.1,29.1,0.3
08SEP1993,20.8,0.3,25.0,0.1,26.8,0.0,29.0,0.3
15SEP1993,20.8,0.4,24.9,0.0,26.9,0.2,29.1,0.4
22SEP1993,21.0,0.5,25.0,0.2,27.0,0.3,29.1,0.3
29SEP1993,20.7,0.2,25.1,0.2,27.0,0.3,29.0,0.2
06OCT1993,20.6,-0.1,25.2,0.3,26.9,0.2,28.8,0.0
13OCT1993,20.8,0.1,25.3,0.4,27.0,0.3,29.0,0.2
20OCT1993,21.2,0.3,25.0,0.1,26.6,-0.1,28.9,0.1
27OCT1993,21.3,0.3,25.3,0.3,27.1,0.4,29.0,0.2
03NOV1993,22.0,0.8,25.4,0.3,27.2,0.4,29.0,0.2
10NOV1993,21.4,0.0,25.1,0.1,26.9,0.1,28.8,0.1
17NOV1993,21.7,0.1,25.1,0.1,26.9,0.1,28.9,0.2
24NOV1993,21.4,-0.5,25.1,-0.0,26.7,0.0,29.0,0.3
01DEC1993,21.8,-0.3,25.3,0.1,26.9,0.2,29.2,0.5
08DEC1993,22.1,-0.3,25.3,0.1,26.9,0.3,29.0,0.4
15DEC1993,23.1,0.4,25.3,0.1,26.8,0.2,28.9,0.3
22DEC1993,23.0,-0.1,25.3,0.0,26.6,0.0,28.9,0.3
29DEC1993,23.3,-0.1,25.4,0.0,26.5,-0.2,28.6,0.1
05JAN1994,23.8,-0.0,25.7,0.2,26.7,0.1,28.7,0.3
12JAN1994,23.9,-0.3,25.7,0.1,26.7,0.2,28.5,0.2
19JAN1994,24.6,-0.0,25.7,-0.0,26.5,-0.1,28.5,0.1
26JAN1994,24.8,-0.3,25.8,-0.1,26.5,-0.2,28.2,-0.1
02FEB1994,25.4,-0.0,25.9,-0.1,26.6,-0.0,28.2,-0.1
09FEB1994,25.9,0.1,26.2,-0.0,26.7,-0.0,28.1,-0.1
16FEB1994,25.6,-0.6,26.1,-0.3,26.6,-0.1,28.0,-0.1
23FEB1994,26.1,-0.2,25.9,-0.7,26.4,-0.5,27.9,-0.3
02MAR1994,26.2,-0.2,26.6,-0.2,26.6,-0.4,27.9,-0.4
09MAR1994,25.5,-1.0,27.0,0.0,27.2,0.1,28.2,-0.1
16MAR1994,25.7,-1.0,27.0,-0.2,27.4,0.2,28.4,0.1
23MAR1994,25.0,-1.3,26.8,-0.5,27.3,-0.1,28.3,-0.1
30MAR1994,24.8,-1.4,27.0,-0.4,27.7,0.2,28.3,-0.2
06APR1994,24.9,-1.0,27.0,-0.5,27.6,-0.1,28.5,-0.1
13APR1994,24.7,-1.0,27.2,-0.4,28.0,0.1,28.6,0.0
20APR1994,24.2,-1.2,27.0,-0.5,28.0,0.1,28.6,-0.1
27APR1994,23.4,-1.7,27.1,-0.3,28.1,0.2,28.7,-0.0
04MAY1994,23.4,-1.4,27.0,-0.4,27.9,-0.0,28.8,-0.0
11MAY1994,23.6,-1.0,26.8,-0.4,27.8,-0.1,28.9,-0.0
18MAY1994,23.0,-1.2,27.2,0.0,28.2,0.3,29.0,0.1
25MAY1994,23.0,-0.9,26.9,-0.1,28.1,0.2,29.1,0.2
01JUN1994,22.8,-0.8,26.9,0.0,28.3,0.4,29.3,0.3
08JUN1994,22.7,-0.6,26.7,0.0,28.0,0.2,29.1,0.1
15JUN1994,22.7,-0.2,26.8,0.2,28.2,0.4,29.1,0.1
22JUN1994,22.2,-0.5,26.2,-0.2,27.9,0.2,29.2,0.2
29JUN1994,21.7,-0.7,25.9,-0.3,27.6,0.0,29.2,0.2
06JUL1994,21.9,-0.1,25.6,-0.4,27.4,-0.0,29.3,0.4
13JUL1994,21.3,-0.5,25.2,-0.7,27.3,-0.0,29.4,0.4
20JUL1994,20.9,-0.6,25.1,-0.5,27.4,0.1,29.5,0.6
27JUL1994,20.8,-0.5,24.8,-0.7,27.2,-0.0,29.4,0.5
03AUG1994,20.1,-1.0,24.5,-0.8,27.3,0.2,29.4,0.6
10AUG1994,19.2,-1.7,24.8,-0.4,27.6,0.6,29.5,0.7
17AUG1994,19.6,-1.1,24.8,-0.3,27.4,0.5,29.5,0.7
24AUG1994,20.0,-0.6,24.8,-0.2,27.3,0.5,29.5,0.7
31AUG1994,19.6,-0.9,24.7,-0.2,27.1,0.3,29.4,0.6
07SEP1994,20.1,-0.4,24.6,-0.3,26.9,0.2,29.3,0.5
14SEP1994,20.0,-0.3,24.6,-0.2,26.9,0.1,29.2,0.4
21SEP1994,20.5,0.1,24.9,0.0,27.0,0.2,29.2,0.4
28SEP1994,20.2,-0.3,25.2,0.3,27.2,0.5,29.2,0.5
05OCT1994,21.0,0.4,25.4,0.5,27.3,0.5,29.4,0.7
12OCT1994,21.7,1.0,25.6,0.6,27.5,0.8,29.4,0.7
19OCT1994,21.8,0.9,25.6,0.6,27.5,0.8,29.4,0.7
26OCT1994,21.7,0.7,25.6,0.6,27.6,0.9,29.5,0.8
02NOV1994,22.1,0.9,25.7,0.7,27.8,1.1,29.6,0.8
09NOV1994,22.1,0.7,26.0,0.9,27.9,1.2,29.5,0.7
16NOV1994,22.3,0.7,25.8,0.8,27.8,1.0,29.6,0.9
23NOV1994,22.8,0.9,25.9,0.8,27.9,1.1,29.7,1.0
30NOV1994,22.9,0.8,26.0,0.8,28.0,1.3,29.8,1.1
07DEC1994,23.3,0.9,26.0,0.8,27.9,1.2,29.6,1.0
14DEC1994,23.4,0.8,25.9,0.7,27.9,1.2,29.5,1.0
21DEC1994,23.7,0.6,26.2,0.9,27.9,1.2,29.3,0.8
28DEC1994,24.3,0.9,26.3,0.9,27.8,1.2,29.3,0.8
04JAN1995,24.7,0.8,26.1,0.7,27.6,1.0,29.3,0.9
11JAN1995,25.1,0.9,26.2,0.7,27.6,1.0,29.2,0.9
18JAN1995,25.3,0.8,26.4,0.7,27.6,1.0,29.3,0.9
25JAN1995,25.9,0.9,26.5,0.6,27.5,0.8,29.1,0.8
01FEB1995,26.2,0.9,26.7,0.7,27.4,0.8,29.0,0.8
08FEB1995,26.7,0.9,26.9,0.7,27.4,0.7,29.1,0.9
15FEB1995,26.5,0.4,26.8,0.4,27.3,0.5,28.9,0.7
22FEB1995,26.4,0.1,26.9,0.3,27.5,0.7,29.0,0.8
01MAR1995,26.0,-0.3,26.9,0.2,27.7,0.7,29.0,0.8
08MAR1995,26.0,-0.5,26.7,-0.2,27.4,0.3,28.9,0.6
15MAR1995,26.6,-0.0,27.1,-0.0,27.7,0.4,29.0,0.7
22MAR1995,26.4,-0.0,27.2,-0.1,27.7,0.3,29.0,0.6
29MAR1995,25.4,-0.7,27.4,0.1,27.7,0.1,28.8,0.3
05APR1995,24.9,-1.1,27.2,-0.3,27.9,0.2,28.8,0.3
12APR1995,24.9,-0.8,27.3,-0.3,27.8,0.0,28.8,0.2
19APR1995,24.6,-0.8,27.3,-0.3,28.2,0.3,28.9,0.2
26APR1995,23.5,-1.6,26.6,-0.8,27.9,-0.1,28.9,0.2
03MAY1995,23.3,-1.5,26.6,-0.7,28.0,0.1,29.2,0.4
10MAY1995,23.0,-1.6,26.3,-0.9,27.7,-0.2,29.1,0.2
17MAY1995,23.0,-1.4,26.2,-0.9,27.7,-0.3,29.2,0.3
24MAY1995,23.2,-0.8,26.4,-0.6,27.6,-0.3,29.1,0.1
31MAY1995,22.8,-0.9,26.4,-0.4,27.7,-0.1,29.0,0.1
07JUN1995,22.9,-0.4,26.4,-0.3,27.7,-0.2,29.1,0.1
14JUN1995,22.9,-0.1,26.4,-0.2,27.7,-0.0,29.1,0.1
21JUN1995,21.9,-0.8,26.0,-0.4,27.5,-0.2,28.9,-0.0
28JUN1995,21.8,-0.6,25.8,-0.4,27.3,-0.2,28.8,-0.2
05JUL1995,22.0,-0.1,25.7,-0.3,27.3,-0.2,29.0,0.0
12JUL1995,21.2,-0.6,25.6,-0.2,27.1,-0.3,28.8,-0.1
19JUL1995,21.0,-0.5,25.3,-0.3,26.9,-0.4,28.7,-0.2
26JUL1995,20.8,-0.5,25.1,-0.4,26.8,-0.4,28.6,-0.3
02AUG1995,20.3,-0.8,24.8,-0.6,26.7,-0.4,28.5,-0.3
09AUG1995,19.9,-1.0,24.3,-0.9,26.3,-0.7,28.3,-0.5
16AUG1995,20.0,-0.7,24.3,-0.8,26.4,-0.5,28.5,-0.3
23AUG1995,19.9,-0.7,24.3,-0.7,26.3,-0.5,28.4,-0.4
30AUG1995,20.1,-0.5,24.0,-1.0,25.9,-0.9,28.2,-0.6
06SEP1995,20.4,-0.0,24.1,-0.8,26.0,-0.8,28.2,-0.6
13SEP1995,19.9,-0.5,24.1,-0.8,26.0,-0.8,28.0,-0.7
20SEP1995,20.2,-0.2,24.0,-0.9,26.1,-0.7,28.4,-0.4
27SEP1995,20.2,-0.3,23.9,-1.0,25.9,-0.8,28.4,-0.4
04OCT1995,19.6,-1.0,23.9,-1.0,25.6,-1.1,28.1,-0.6
11OCT1995,20.2,-0.5,24.1,-0.9,25.6,-1.1,28.0,-0.7
18OCT1995,20.0,-0.8,24.1,-0.9,25.8,-0.9,28.2,-0.6
25OCT1995,20.3,-0.7,24.0,-1.0,25.6,-1.1,27.9,-0.9
01NOV1995,21.0,-0.2,24.1,-0.9,25.6,-1.1,28.0,-0.8
08NOV1995,20.6,-0.7,23.9,-1.2,25.8,-1.0,28.1,-0.6
15NOV1995,21.3,-0.2,24.1,-1.0,25.7,-1.1,27.8,-0.9
22NOV1995,21.4,-0.4,24.1,-1.0,25.5,-1.2,27.7,-1.0
29NOV1995,21.6,-0.4,24.1,-1.0,25.7,-1.0,28.1,-0.6
06DEC1995,21.5,-0.8,24.1,-1.1,25.6,-1.1,27.9,-0.7
13DEC1995,21.7,-1.0,24.0,-1.2,25.4,-1.2,27.9,-0.6
20DEC1995,22.0,-1.0,24.1,-1.1,25.6,-1.1,28.1,-0.4
27DEC1995,22.8,-0.6,24.5,-0.8,25.7,-1.0,28.1,-0.4
03JAN1996,23.4,-0.4,24.6,-0.8,25.6,-1.0,28.1,-0.4
10JAN1996,23.6,-0.6,24.9,-0.6,25.6,-1.0,27.9,-0.5
17JAN1996,24.0,-0.5,25.2,-0.5,25.9,-0.7,27.8,-0.5
24JAN1996,23.9,-1.0,25.0,-0.8,25.9,-0.7,27.9,-0.4
31JAN1996,24.6,-0.7,25.2,-0.8,25.8,-0.9,27.8,-0.5
07FEB1996,25.4,-0.3,25.4,-0.8,25.6,-1.1,27.5,-0.7
14FEB1996,25.9,-0.2,25.7,-0.6,25.8,-0.9,27.5,-0.6
21FEB1996,26.0,-0.2,25.9,-0.6,25.8,-1.0,27.4,-0.8
28FEB1996,26.1,-0.3,26.3,-0.5,26.3,-0.6,27.5,-0.7
06MAR1996,26.6,0.1,26.5,-0.4,26.2,-0.8,27.5,-0.8
13MAR1996,26.1,-0.4,26.9,-0.2,26.6,-0.6,27.7,-0.6
20MAR1996,26.3,-0.2,27.0,-0.3,26.8,-0.5,27.7,-0.6
27MAR1996,25.7,-0.5,26.7,-0.7,26.8,-0.7,27.8,-0.6
03APR1996,24.4,-1.6,26.5,-0.9,27.0,-0.6,27.9,-0.6
10APR1996,23.9,-1.8,27.0,-0.5,27.4,-0.4,27.9,-0.6
17APR1996,23.8,-1.7,26.8,-0.8,27.3,-0.5,28.0,-0.6
24APR1996,23.6,-1.6,26.7,-0.8,27.6,-0.3,28.2,-0.5
01MAY1996,23.0,-2.0,26.4,-1.0,27.4,-0.5,28.2,-0.6
08MAY1996,23.0,-1.7,26.5,-0.8,27.6,-0.3,28.4,-0.4
15MAY1996,23.0,-1.4,26.3,-0.9,27.3,-0.6,28.3,-0.6
22MAY1996,23.0,-1.1,26.2,-0.8,27.2,-0.7,28.5,-0.5
29MAY1996,22.6,-1.2,26.2,-0.7,27.3,-0.5,28.6,-0.4
05JUN1996,22.3,-1.2,26.0,-0.7,27.3,-0.5,28.6,-0.4
12JUN1996,21.9,-1.2,26.0,-0.6,27.3,-0.5,28.5,-0.5
19JUN1996,21.4,-1.4,25.8,-0.7,27.3,-0.4,28.4,-0.6
26JUN1996,20.6,-1.9,25.7,-0.6,27.3,-0.3,28.6,-0.3
03JUL1996,20.4,-1.8,25.9,-0.2,27.6,0.1,28.6,-0.3
10JUL1996,20.1,-1.9,25.4,-0.5,27.1,-0.3,28.5,-0.5
17JUL1996,20.0,-1.7,25.4,-0.3,27.1,-0.2,28.3,-0.6
24JUL1996,20.2,-1.2,25.1,-0.5,26.9,-0.3,28.5,-0.4
31JUL1996,19.2,-2.0,24.7,-0.7,26.6,-0.5,28.4,-0.5
07AUG1996,19.2,-1.7,24.8,-0.5,26.7,-0.3,28.5,-0.3
14AUG1996,20.0,-0.8,24.6,-0.5,26.5,-0.4,28.6,-0.2
21AUG1996,20.1,-0.5,24.6,-0.4,26.5,-0.3,28.6,-0.2
28AUG1996,18.9,-1.7,24.4,-0.6,26.5,-0.3,28.4,-0.4
04SEP1996,19.1,-1.4,24.3,-0.6,26.4,-0.4,28.5,-0.3
11SEP1996,19.4,-1.0,24.4,-0.5,26.2,-0.5,28.3,-0.5
18SEP1996,19.1,-1.3,24.3,-0.5,26.4,-0.3,28.5,-0.3
25SEP1996,19.3,-1.2,24.4,-0.4,26.3,-0.4,28.4,-0.4
02OCT1996,19.5,-1.1,24.5,-0.4,26.2,-0.5,28.3,-0.5
09OCT1996,19.5,-1.2,24.3,-0.6,26.2,-0.5,28.5,-0.3
16OCT1996,20.2,-0.5,24.4,-0.5,26.3,-0.4,28.5,-0.2
23OCT1996,20.5,-0.5,24.4,-0.6,26.2,-0.5,28.3,-0.4
30OCT1996,20.0,-1.1,24.3,-0.7,26.1,-0.6,28.3,-0.5
06NOV1996,20.2,-1.1,24.4,-0.7,26.1,-0.6,28.1,-0.6
13NOV1996,20.1,-1.3,24.4,-0.6,26.2,-0.6,28.3,-0.5
20NOV1996,20.3,-1.4,24.4,-0.6,26.3,-0.4,28.4,-0.3
27NOV1996,20.4,-1.6,24.3,-0.8,26.2,-0.5,28.3,-0.4
04DEC1996,20.8,-1.5,24.4,-0.8,26.3,-0.4,28.5,-0.1
11DEC1996,21.6,-0.9,24.1,-1.1,26.1,-0.6,28.6,-0.0
18DEC1996,21.6,-1.3,24.2,-1.1,25.9,-0.7,28.3,-0.2
25DEC1996,22.1,-1.1,24.1,-1.2,25.9,-0.8,28.3,-0.2
01JAN1997,22.5,-1.2,24.3,-1.1,25.8,-0.8,28.2,-0.3
08JAN1997,23.0,-1.0,24.5,-1.0,25.9,-0.6,28.4,0.0
15JAN1997,23.6,-0.8,24.6,-1.0,25.8,-0.7,28.4,0.1
22JAN1997,24.3,-0.5,24.8,-0.9,25.9,-0.6,28.4,0.2
29JAN1997,24.6,-0.6,25.1,-0.8,26.3,-0.4,28.4,0.1
05FEB1997,25.3,-0.3,25.2,-0.9,26.2,-0.5,28.4,0.2
12FEB1997,25.4,-0.6,25.8,-0.5,26.4,-0.3,28.3,0.2
19FEB1997,26.3,0.1,25.9,-0.6,26.4,-0.5,28.2,0.0
26FEB1997,26.2,-0.1,26.2,-0.5,26.5,-0.4,28.2,0.0
05MAR1997,26.8,0.4,26.6,-0.3,26.6,-0.4,28.1,-0.1
12MAR1997,26.9,0.4,26.8,-0.3,26.8,-0.4,28.3,-0.0
19MAR1997,27.0,0.5,27.3,0.1,27.4,0.0,28.5,0.1
26MAR1997,27.2,0.9,27.4,0.0,27.3,-0.2,28.9,0.5
02APR1997,27.0,1.0,27.3,-0.2,27.5,-0.1,29.2,0.7
09APR1997,26.4,0.7,27.3,-0.2,27.8,0.1,29.2,0.6
16APR1997,26.5,1.0,27.6,0.0,28.0,0.2,29.3,0.6
23APR1997,26.6,1.3,27.8,0.3,28.4,0.5,29.5,0.8
30APR1997,26.8,1.8,28.0,0.6,28.4,0.5,29.5,0.7
07MAY1997,26.8,2.1,28.2,0.9,28.6,0.7,29.4,0.6
14MAY1997,26.7,2.2,28.0,0.8,28.5,0.5,29.3,0.4
21MAY1997,26.6,2.5,27.9,0.9,28.6,0.7,29.5,0.6
28MAY1997,26.8,3.0,28.1,1.2,28.8,0.9,29.5,0.5
04JUN1997,26.4,3.0,28.0,1.2,28.8,1.0,29.4,0.4
11JUN1997,26.5,3.4,28.1,1.5,28.9,1.1,29.3,0.3
18JUN1997,26.0,3.2,28.2,1.7,29.0,1.3,29.4,0.4
25JUN1997,26.2,3.6,28.2,1.9,29.1,1.5,29.5,0.5
02JUL1997,25.9,3.6,28.1,2.0,29.0,1.4,29.4,0.5
09JUL1997,25.7,3.7,28.0,2.1,28.9,1.5,29.5,0.5
16JUL1997,25.7,4.0,28.1,2.3,29.0,1.7,29.5,0.6
23JUL1997,25.5,4.1,27.9,2.3,28.8,1.6,29.5,0.6
30JUL1997,25.2,4.0,27.9,2.5,28.9,1.8,29.5,0.7
06AUG1997,25.3,4.3,27.8,2.6,28.8,1.8,29.4,0.5
13AUG1997,25.4,4.6,27.9,2.8,28.9,2.0,29.3,0.4
20AUG1997,24.2,3.5,27.9,2.9,28.9,2.0,29.2,0.4
27AUG1997,24.3,3.7,27.7,2.7,28.8,2.0,29.2,0.4
03SEP1997,24.6,4.1,27.8,2.9,28.9,2.1,29.2,0.5
10SEP1997,24.6,4.2,27.8,2.9,28.9,2.2,29.3,0.5
17SEP1997,24.2,3.8,27.8,2.9,28.9,2.2,29.3,0.6
24SEP1997,24.4,3.9,27.9,3.0,28.9,2.2,29.5,0.7
01OCT1997,24.1,3.5,28.0,3.1,29.1,2.4,29.4,0.6
08OCT1997,24.5,3.9,28.1,3.2,29.2,2.5,29.3,0.5
15OCT1997,24.5,3.7,28.1,3.2,29.2,2.5,29.3,0.6
22OCT1997,24.9,4.0,28.2,3.3,29.3,2.6,29.5,0.7
29OCT1997,24.7,3.6,28.3,3.3,29.2,2.5,29.2,0.4
05NOV1997,25.0,3.7,28.4,3.4,29.2,2.5,29.2,0.5
12NOV1997,25.8,4.4,28.5,3.5,29.3,2.6,29.5,0.7
19NOV1997,25.8,4.1,28.6,3.5,29.3,2.6,29.7,0.9
26NOV1997,25.9,4.0,28.7,3.6,29.4,2.7,29.7,1.0
03DEC1997,26.2,4.0,28.6,3.5,29.2,2.5,29.4,0.7
10DEC1997,26.7,4.2,28.7,3.5,29.2,2.6,29.4,0.8
17DEC1997,27.0,4.2,28.8,3.6,29.3,2.7,29.3,0.7
24DEC1997,27.2,4.1,28.8,3.5,29.3,2.6,29.3,0.8
31DEC1997,27.7,4.1,28.9,3.5,29.2,2.6,29.2,0.7
07JAN1998,28.0,4.0,28.9,3.4,29.2,2.6,29.1,0.7
14JAN1998,28.4,4.0,28.9,3.3,29.1,2.5,29.0,0.6
21JAN1998,28.4,3.6,28.9,3.2,29.0,2.4,28.9,0.6
28JAN1998,28.3,3.2,29.1,3.1,29.1,2.4,28.9,0.7
04FEB1998,28.9,3.3,29.1,3.0,29.2,2.5,29.0,0.8
11FEB1998,28.9,2.9,29.0,2.7,29.0,2.3,29.0,0.8
18FEB1998,29.1,2.9,28.8,2.3,28.7,1.9,28.8,0.6
25FEB1998,29.1,2.8,28.9,2.2,28.6,1.7,28.8,0.5
04MAR1998,29.2,2.8,29.0,2.1,28.5,1.4,28.6,0.3
11MAR1998,29.2,2.7,29.1,2.1,28.7,1.5,28.8,0.5
18MAR1998,29.2,2.7,29.1,1.9,28.6,1.3,28.6,0.3
25MAR1998,29.1,2.8,29.2,1.9,28.8,1.4,28.6,0.2
01APR1998,29.1,3.1,29.3,1.8,28.7,1.1,28.6,0.1
08APR1998,28.8,3.0,29.2,1.7,28.6,0.9,28.5,-0.1
15APR1998,28.6,3.1,29.1,1.5,28.4,0.5,28.5,-0.2
22APR1998,28.4,3.1,29.0,1.5,28.5,0.6,28.5,-0.2
29APR1998,28.3,3.3,28.9,1.5,28.7,0.7,28.7,-0.1
06MAY1998,27.8,3.1,29.4,2.0,29.1,1.2,28.7,-0.1
13MAY1998,28.1,3.6,28.7,1.5,28.8,0.8,28.7,-0.3
20MAY1998,27.9,3.7,27.6,0.6,28.3,0.4,28.6,-0.3
27MAY1998,27.0,3.1,27.1,0.1,27.9,-0.0,28.8,-0.1
03JUN1998,26.2,2.7,26.1,-0.7,27.1,-0.7,28.7,-0.2
10JUN1998,26.1,2.9,26.2,-0.4,26.9,-0.9,28.6,-0.4
17JUN1998,24.6,1.7,25.8,-0.8,26.7,-1.1,28.7,-0.3
24JUN1998,24.5,1.9,26.0,-0.3,26.4,-1.3,28.5,-0.5
01JUL1998,24.1,1.8,25.7,-0.5,26.4,-1.2,28.3,-0.7
08JUL1998,23.6,1.6,25.6,-0.4,26.2,-1.3,28.2,-0.8
15JUL1998,23.6,1.9,25.3,-0.5,25.9,-1.5,28.1,-0.9
22JUL1998,23.0,1.5,24.9,-0.7,25.7,-1.5,28.0,-0.9
29JUL1998,23.2,2.0,24.9,-0.5,25.7,-1.5,27.8,-1.1
05AUG1998,22.6,1.6,24.8,-0.5,25.6,-1.5,27.9,-0.9
12AUG1998,21.8,1.0,24.6,-0.6,25.5,-1.4,27.8,-1.0
19AUG1998,21.3,0.6,24.4,-0.6,25.2,-1.6,27.6,-1.2
26AUG1998,21.2,0.7,24.7,-0.3,25.6,-1.2,27.6,-1.1
02SEP1998,21.1,0.6,24.5,-0.4,25.6,-1.2,27.8,-1.0
09SEP1998,20.9,0.5,24.3,-0.6,25.9,-0.9,28.3,-0.4
16SEP1998,21.0,0.7,24.2,-0.6,25.7,-1.0,28.0,-0.7
23SEP1998,20.5,0.1,24.1,-0.7,25.5,-1.2,27.6,-1.2
30SEP1998,20.9,0.3,23.7,-1.2,25.1,-1.6,27.2,-1.5
07OCT1998,20.9,0.2,23.9,-1.0,25.3,-1.4,27.5,-1.3
14OCT1998,21.2,0.5,24.1,-0.9,25.4,-1.4,27.3,-1.5
21OCT1998,21.1,0.2,24.1,-0.8,25.3,-1.4,27.2,-1.6
28OCT1998,21.6,0.6,24.2,-0.8,25.5,-1.2,27.3,-1.4
04NOV1998,21.4,0.1,24.4,-0.6,25.2,-1.6,27.2,-1.5
11NOV1998,21.0,-0.4,24.0,-1.0,25.2,-1.6,27.2,-1.6
18NOV1998,21.7,0.0,24.1,-1.0,25.2,-1.5,27.1,-1.6
25NOV1998,21.5,-0.4,24.0,-1.0,25.1,-1.6,27.2,-1.5
02DEC1998,21.7,-0.5,23.9,-1.3,25.1,-1.5,27.3,-1.4
09DEC1998,22.0,-0.4,23.8,-1.3,24.8,-1.8,27.2,-1.4
16DEC1998,22.5,-0.3,23.9,-1.3,24.7,-1.9,27.1,-1.5
23DEC1998,23.3,0.2,23.8,-1.5,24.6,-2.0,27.0,-1.5
30DEC1998,23.2,-0.4,23.9,-1.5,24.7,-1.9,26.7,-1.8
06JAN1999,23.4,-0.5,24.1,-1.4,24.7,-1.9,26.7,-1.7
13JAN1999,23.7,-0.6,24.2,-1.4,25.0,-1.6,26.8,-1.6
20JAN1999,23.3,-1.4,24.5,-1.3,25.0,-1.6,26.4,-1.9
27JAN1999,24.5,-0.6,24.9,-1.0,25.0,-1.6,26.2,-2.1
03FEB1999,24.8,-0.7,25.1,-1.0,25.2,-1.5,26.6,-1.7
10FEB1999,25.1,-0.8,25.0,-1.2,25.2,-1.5,26.5,-1.7
17FEB1999,25.5,-0.7,25.5,-0.9,25.5,-1.3,26.3,-1.8
24FEB1999,26.8,0.5,26.4,-0.2,25.7,-1.3,26.4,-1.8
03MAR1999,27.4,1.0,26.7,-0.1,26.1,-0.9,26.8,-1.5
10MAR1999,27.0,0.5,26.6,-0.4,26.1,-1.1,26.7,-1.6
17MAR1999,26.4,-0.1,26.7,-0.5,26.2,-1.1,26.9,-1.4
24MAR1999,26.3,-0.0,26.7,-0.6,26.5,-1.0,27.0,-1.4
31MAR1999,25.8,-0.3,26.6,-0.8,26.5,-1.1,27.0,-1.5
07APR1999,24.4,-1.4,26.7,-0.8,26.7,-1.0,27.1,-1.4
14APR1999,24.6,-1.0,26.5,-1.0,26.8,-1.0,27.3,-1.3
21APR1999,23.8,-1.5,26.7,-0.8,27.0,-0.9,27.4,-1.3
28APR1999,23.7,-1.4,26.8,-0.7,27.0,-0.9,27.5,-1.2
05MAY1999,23.6,-1.2,26.6,-0.7,27.0,-0.9,27.8,-1.0
12MAY1999,23.7,-0.9,26.7,-0.5,27.1,-0.8,27.9,-1.0
19MAY1999,23.7,-0.5,26.5,-0.6,26.9,-1.0,27.8,-1.1
26MAY1999,23.2,-0.7,26.1,-0.9,26.9,-1.0,27.9,-1.1
02JUN1999,22.5,-1.0,25.8,-1.0,26.7,-1.2,28.0,-1.0
09JUN1999,22.4,-0.9,25.8,-0.9,26.6,-1.2,27.9,-1.1
16JUN1999,21.6,-1.3,25.6,-1.0,26.6,-1.2,28.0,-1.0
23JUN1999,21.3,-1.3,25.4,-0.9,26.5,-1.1,28.0,-0.9
30JUN1999,21.3,-1.1,25.3,-0.9,26.6,-0.9,28.1,-0.9
07JUL1999,20.4,-1.6,25.2,-0.8,26.6,-0.8,28.1,-0.9
14JUL1999,20.4,-1.3,24.9,-0.9,26.4,-1.0,27.8,-1.1
21JUL1999,20.3,-1.2,24.8,-0.9,26.2,-1.0,27.8,-1.2
28JUL1999,20.2,-1.0,24.4,-1.1,26.0,-1.1,27.8,-1.1
04AUG1999,20.2,-0.8,24.3,-1.0,26.0,-1.1,27.8,-1.1
11AUG1999,19.7,-1.1,24.1,-1.1,25.6,-1.4,27.7,-1.2
18AUG1999,19.5,-1.1,23.9,-1.1,25.4,-1.4,27.8,-1.0
25AUG1999,19.7,-0.9,24.0,-1.0,25.5,-1.4,27.6,-1.2
01SEP1999,19.5,-1.0,23.6,-1.3,25.4,-1.4,27.6,-1.1
08SEP1999,19.2,-1.2,23.7,-1.2,25.7,-1.1,27.7,-1.0
15SEP1999,18.9,-1.5,23.6,-1.2,25.7,-1.0,27.7,-1.0
22SEP1999,19.3,-1.2,23.8,-1.1,25.8,-0.9,27.9,-0.8
29SEP1999,19.5,-1.1,24.0,-0.8,25.9,-0.8,27.8,-0.9
06OCT1999,19.7,-0.9,23.6,-1.3,25.7,-1.1,27.9,-0.9
13OCT1999,20.1,-0.7,23.7,-1.2,25.8,-0.9,28.0,-0.7
20OCT1999,20.0,-0.9,23.7,-1.2,25.6,-1.1,27.8,-1.0
27OCT1999,20.6,-0.4,23.8,-1.1,25.4,-1.4,27.7,-1.1
03NOV1999,20.1,-1.1,23.6,-1.4,25.4,-1.4,27.6,-1.1
10NOV1999,20.1,-1.3,23.7,-1.3,25.4,-1.4,27.5,-1.2
17NOV1999,20.6,-1.0,23.5,-1.6,25.2,-1.6,27.6,-1.1
24NOV1999,20.9,-1.0,23.1,-2.0,24.7,-2.0,27.4,-1.3
01DEC1999,21.0,-1.2,23.1,-2.0,24.9,-1.8,27.3,-1.3
08DEC1999,21.1,-1.3,23.6,-1.5,25.1,-1.5,27.3,-1.3
15DEC1999,21.3,-1.4,23.4,-1.8,24.9,-1.7,27.1,-1.5
22DEC1999,22.0,-1.0,23.8,-1.5,24.9,-1.7,27.1,-1.4
29DEC1999,23.0,-0.5,23.6,-1.8,24.6,-2.0,27.2,-1.2
05JAN2000,23.2,-0.6,23.4,-2.1,24.5,-2.1,27.0,-1.4
12JAN2000,23.8,-0.4,23.9,-1.7,24.7,-1.9,26.9,-1.5
19JAN2000,23.7,-0.9,24.0,-1.7,24.8,-1.8,26.9,-1.4
26JAN2000,24.0,-1.0,24.0,-1.8,24.6,-2.0,26.9,-1.4
02FEB2000,25.0,-0.4,24.7,-1.3,24.8,-1.9,26.7,-1.6
09FEB2000,25.1,-0.8,25.3,-0.9,25.1,-1.6,26.6,-1.6
16FEB2000,25.6,-0.5,25.5,-0.9,25.4,-1.4,26.7,-1.5
23FEB2000,26.2,-0.0,25.4,-1.2,25.2,-1.7,26.6,-1.6
01MAR2000,26.4,0.1,25.7,-1.0,25.5,-1.5,26.5,-1.7
08MAR2000,26.6,0.1,26.2,-0.8,25.7,-1.4,26.6,-1.6
15MAR2000,26.2,-0.4,26.5,-0.7,26.0,-1.2,26.7,-1.6
22MAR2000,25.3,-1.1,26.9,-0.3,26.3,-1.1,26.7,-1.7
29MAR2000,25.6,-0.6,27.5,0.1,26.8,-0.8,27.0,-1.5
05APR2000,25.7,-0.2,27.6,0.1,27.0,-0.7,27.2,-1.4
12APR2000,26.1,0.4,27.4,-0.2,26.9,-0.9,27.3,-1.3
19APR2000,25.6,0.2,27.5,-0.1,27.0,-0.9,27.4,-1.3
26APR2000,25.3,0.2,27.5,-0.0,27.1,-0.8,27.5,-1.2
03MAY2000,24.9,0.0,27.3,-0.1,27.1,-0.8,27.5,-1.3
10MAY2000,24.3,-0.3,27.2,-0.1,27.1,-0.8,27.7,-1.2
17MAY2000,23.9,-0.5,26.6,-0.5,27.1,-0.9,27.8,-1.1
24MAY2000,23.2,-0.8,26.4,-0.6,27.1,-0.8,28.0,-1.0
31MAY2000,23.2,-0.4,26.3,-0.5,27.2,-0.7,28.1,-0.9
07JUN2000,22.6,-0.8,26.0,-0.8,27.0,-0.8,28.0,-1.0
14JUN2000,22.4,-0.6,25.9,-0.7,27.1,-0.7,28.1,-0.9
21JUN2000,21.7,-1.0,25.8,-0.6,27.0,-0.7,28.2,-0.8
28JUN2000,21.4,-1.0,25.5,-0.7,26.9,-0.7,28.0,-0.9
05JUL2000,21.0,-1.1,25.6,-0.4,26.9,-0.6,28.0,-0.9
12JUL2000,20.6,-1.3,25.2,-0.7,26.8,-0.6,28.1,-0.9
19JUL2000,20.3,-1.3,24.9,-0.7,26.7,-0.6,28.2,-0.7
26JUL2000,20.2,-1.1,24.9,-0.6,26.5,-0.7,28.3,-0.6
02AUG2000,20.2,-0.9,24.7,-0.6,26.6,-0.5,28.4,-0.4
09AUG2000,20.1,-0.8,24.5,-0.7,26.6,-0.4,28.4,-0.5
16AUG2000,20.5,-0.2,24.4,-0.7,26.4,-0.5,28.3,-0.5
23AUG2000,20.1,-0.5,24.3,-0.7,26.3,-0.5,28.1,-0.7
30AUG2000,19.3,-1.2,24.5,-0.4,26.4,-0.4,28.2,-0.5
06SEP2000,20.2,-0.3,24.4,-0.5,26.3,-0.5,28.4,-0.3
13SEP2000,19.7,-0.7,24.3,-0.6,26.1,-0.6,28.4,-0.3
20SEP2000,20.1,-0.3,24.2,-0.6,26.1,-0.6,28.5,-0.3
27SEP2000,19.9,-0.6,24.4,-0.5,26.3,-0.4,28.4,-0.4
04OCT2000,20.2,-0.4,24.7,-0.2,26.1,-0.7,28.1,-0.6
11OCT2000,20.2,-0.5,24.4,-0.6,26.0,-0.7,28.2,-0.5
18OCT2000,20.5,-0.3,24.3,-0.6,25.9,-0.8,28.1,-0.6
25OCT2000,20.7,-0.3,24.3,-0.6,25.9,-0.8,28.1,-0.7
01NOV2000,20.6,-0.5,24.2,-0.8,25.6,-1.1,28.0,-0.8
08NOV2000,20.6,-0.8,24.0,-1.0,25.6,-1.2,28.1,-0.7
15NOV2000,20.3,-1.2,24.2,-0.8,25.9,-0.8,28.2,-0.6
22NOV2000,20.2,-1.6,24.1,-1.0,25.9,-0.8,28.1,-0.6
29NOV2000,21.4,-0.7,24.4,-0.7,25.9,-0.8,27.8,-0.8
06DEC2000,21.8,-0.5,24.4,-0.7,25.6,-1.1,27.5,-1.2
13DEC2000,22.4,-0.2,24.5,-0.7,25.6,-1.1,27.6,-1.0
20DEC2000,22.4,-0.5,24.4,-0.8,25.6,-1.1,27.6,-0.9
27DEC2000,22.2,-1.1,24.4,-1.0,25.5,-1.1,27.5,-1.0
03JAN2001,22.8,-0.9,24.5,-0.9,25.6,-1.0,27.5,-0.9
10JAN2001,23.3,-0.8,24.7,-0.8,25.6,-1.0,27.5,-0.9
17JAN2001,23.7,-0.9,25.1,-0.6,25.8,-0.8,27.5,-0.8
24JAN2001,24.6,-0.3,25.3,-0.5,25.9,-0.7,27.4,-0.9
31JAN2001,25.2,-0.1,25.4,-0.6,26.0,-0.7,27.3,-1.0
07FEB2001,25.6,-0.1,25.8,-0.4,25.9,-0.8,27.1,-1.1
14FEB2001,25.6,-0.5,25.9,-0.5,26.0,-0.7,27.2,-1.0
21FEB2001,26.0,-0.2,26.4,-0.1,26.3,-0.6,27.3,-0.9
28FEB2001,26.7,0.4,26.7,-0.0,26.4,-0.5,27.4,-0.9
07MAR2001,27.2,0.7,27.1,0.2,26.6,-0.5,27.4,-0.8
14MAR2001,27.3,0.7,27.2,0.0,26.8,-0.4,27.6,-0.7
21MAR2001,27.6,1.2,27.4,0.1,27.1,-0.3,27.7,-0.7
28MAR2001,27.7,1.5,27.4,0.1,27.0,-0.5,27.8,-0.6
04APR2001,27.3,1.4,27.6,0.1,27.3,-0.4,27.9,-0.6
11APR2001,27.2,1.5,27.7,0.2,27.6,-0.2,28.1,-0.5
18APR2001,26.2,0.7,27.7,0.1,27.7,-0.2,28.3,-0.3
25APR2001,25.9,0.7,27.2,-0.2,27.6,-0.3,28.2,-0.5
02MAY2001,24.2,-0.7,27.1,-0.3,27.5,-0.4,28.3,-0.5
09MAY2001,23.9,-0.8,27.0,-0.2,27.6,-0.3,28.6,-0.3
16MAY2001,23.6,-0.8,26.7,-0.5,27.5,-0.5,28.6,-0.3
23MAY2001,23.3,-0.8,26.9,-0.2,27.7,-0.2,28.8,-0.2
30MAY2001,23.1,-0.6,26.7,-0.1,27.7,-0.2,28.8,-0.2
06JUN2001,22.1,-1.3,26.7,-0.1,27.8,-0.0,28.8,-0.2
13JUN2001,21.7,-1.4,26.3,-0.3,27.7,-0.1,28.8,-0.2
20JUN2001,21.5,-1.3,26.3,-0.1,27.7,-0.0,28.8,-0.2
27JUN2001,20.7,-1.7,25.9,-0.3,27.6,-0.0,28.9,-0.1
04JUL2001,20.7,-1.5,25.6,-0.4,27.5,-0.0,29.0,0.0
11JUL2001,21.2,-0.7,25.5,-0.3,27.4,-0.0,29.0,0.1
18JUL2001,20.9,-0.7,25.5,-0.2,27.3,0.0,29.1,0.2
25JUL2001,20.7,-0.7,25.2,-0.3,27.2,-0.0,29.1,0.2
01AUG2001,20.3,-0.8,25.0,-0.4,27.2,0.1,29.1,0.2
08AUG2001,20.1,-0.8,25.0,-0.2,27.0,0.1,28.9,0.1
15AUG2001,19.8,-0.9,24.7,-0.4,26.8,-0.1,28.9,0.1
22AUG2001,19.8,-0.9,24.6,-0.4,26.8,-0.0,28.9,0.1
29AUG2001,19.7,-0.9,24.3,-0.7,26.6,-0.2,29.0,0.3
05SEP2001,19.6,-0.8,24.4,-0.6,26.6,-0.1,29.2,0.4
12SEP2001,19.1,-1.3,24.2,-0.7,26.6,-0.2,29.1,0.3
19SEP2001,19.4,-1.0,24.2,-0.6,26.5,-0.2,29.2,0.4
26SEP2001,19.6,-0.9,24.3,-0.6,26.5,-0.3,29.1,0.3
03OCT2001,19.2,-1.4,24.4,-0.5,26.5,-0.2,28.9,0.2
10OCT2001,19.6,-1.1,24.4,-0.5,26.5,-0.2,29.0,0.3
17OCT2001,19.4,-1.4,24.5,-0.4,26.6,-0.1,29.0,0.2
24OCT2001,19.6,-1.4,24.5,-0.5,26.6,-0.1,29.1,0.3
31OCT2001,19.9,-1.2,24.5,-0.5,26.6,-0.1,28.9,0.2
07NOV2001,20.3,-1.1,24.3,-0.7,26.6,-0.2,29.1,0.4
14NOV2001,20.1,-1.4,24.3,-0.8,26.5,-0.2,29.0,0.3
21NOV2001,20.6,-1.1,24.3,-0.8,26.3,-0.4,28.8,0.1
28NOV2001,21.4,-0.6,24.4,-0.7,26.3,-0.4,28.7,0.0
05DEC2001,21.4,-1.0,24.5,-0.7,26.1,-0.6,28.6,0.0
12DEC2001,21.6,-1.0,24.5,-0.7,26.1,-0.5,28.6,-0.0
19DEC2001,22.0,-0.9,24.6,-0.6,26.2,-0.5,28.5,-0.1
26DEC2001,22.5,-0.8,24.8,-0.5,26.2,-0.4,28.6,0.1
02JAN2002,23.2,-0.5,24.8,-0.7,26.2,-0.4,28.6,0.2
09JAN2002,23.3,-0.8,25.0,-0.5,26.5,-0.1,28.8,0.5
16JAN2002,23.5,-1.0,25.0,-0.6,26.4,-0.1,28.9,0.5
23JAN2002,23.8,-1.1,25.3,-0.5,26.6,0.0,28.9,0.6
30JAN2002,24.3,-1.0,25.5,-0.5,26.7,0.1,28.7,0.5
06FEB2002,25.4,-0.3,26.0,-0.2,26.9,0.3,28.8,0.6
13FEB2002,25.9,-0.1,26.2,-0.2,27.0,0.3,28.9,0.7
20FEB2002,26.3,0.0,26.4,-0.1,26.8,0.0,28.6,0.4
27FEB2002,27.4,1.0,26.7,-0.0,27.1,0.1,28.6,0.4
06MAR2002,27.1,0.7,27.1,0.2,27.2,0.1,28.5,0.3
13MAR2002,27.6,1.1,27.2,0.1,27.3,0.0,28.6,0.3
20MAR2002,27.8,1.3,27.3,0.1,27.4,0.1,28.8,0.4
27MAR2002,27.4,1.2,27.4,0.1,27.4,-0.0,28.7,0.3
03APR2002,27.1,1.1,27.6,0.1,27.7,0.1,28.8,0.3
10APR2002,27.1,1.4,27.8,0.3,28.0,0.2,29.0,0.4
17APR2002,26.3,0.8,27.6,-0.0,27.9,0.1,29.1,0.4
24APR2002,25.4,0.2,27.3,-0.1,28.0,0.1,29.3,0.5
01MAY2002,25.4,0.5,27.4,-0.0,28.0,0.1,29.2,0.4
08MAY2002,25.0,0.3,27.3,-0.0,28.0,0.1,29.2,0.4
15MAY2002,24.5,0.1,27.2,-0.0,28.0,0.0,29.4,0.5
22MAY2002,24.4,0.3,27.1,0.1,28.3,0.3,29.6,0.6
29MAY2002,24.5,0.7,27.4,0.4,28.4,0.6,29.7,0.7
05JUN2002,23.5,0.1,27.3,0.5,28.6,0.8,29.8,0.8
12JUN2002,22.7,-0.4,27.1,0.5,28.6,0.8,29.7,0.8
19JUN2002,22.1,-0.7,27.0,0.5,28.4,0.7,29.6,0.6
26JUN2002,22.0,-0.5,26.9,0.7,28.2,0.6,29.4,0.4
03JUL2002,21.8,-0.4,26.6,0.5,28.0,0.5,29.4,0.4
10JUL2002,21.1,-0.8,26.3,0.4,28.0,0.6,29.4,0.5
17JUL2002,21.2,-0.4,26.0,0.2,28.0,0.7,29.5,0.6
24JUL2002,20.5,-0.9,25.7,0.1,27.9,0.7,29.5,0.6
31JUL2002,20.3,-0.8,25.5,0.1,27.9,0.8,29.6,0.7
07AUG2002,20.0,-1.0,25.3,0.0,27.8,0.8,29.4,0.6
14AUG2002,20.3,-0.5,25.5,0.4,27.8,0.9,29.4,0.6
21AUG2002,19.8,-0.9,25.5,0.5,27.8,0.9,29.3,0.5
28AUG2002,19.8,-0.7,25.6,0.6,27.8,1.0,29.4,0.6
04SEP2002,19.3,-1.2,25.4,0.5,27.7,0.9,29.3,0.5
11SEP2002,20.2,-0.3,25.5,0.6,27.8,1.0,29.4,0.6
18SEP2002,20.1,-0.3,25.5,0.7,27.9,1.1,29.5,0.8
25SEP2002,20.1,-0.4,25.7,0.8,27.9,1.2,29.5,0.8
02OCT2002,20.1,-0.5,25.7,0.8,28.0,1.2,29.5,0.7
09OCT2002,20.7,0.1,25.6,0.7,27.9,1.2,29.4,0.6
16OCT2002,21.7,0.9,25.7,0.8,27.9,1.2,29.4,0.6
23OCT2002,21.6,0.6,26.0,1.0,28.2,1.5,29.8,1.0
30OCT2002,21.9,0.8,26.3,1.3,28.3,1.6,29.9,1.1
06NOV2002,22.0,0.7,26.2,1.2,28.2,1.5,29.8,1.1
13NOV2002,21.9,0.4,26.3,1.3,28.3,1.6,29.9,1.2
20NOV2002,22.5,0.8,26.5,1.4,28.3,1.6,29.9,1.1
27NOV2002,22.6,0.6,26.4,1.3,28.2,1.5,29.7,1.0
04DEC2002,23.0,0.7,26.6,1.5,28.2,1.5,29.6,0.9
11DEC2002,23.5,0.9,26.5,1.3,28.1,1.4,29.4,0.8
18DEC2002,23.3,0.4,26.5,1.2,28.1,1.4,29.4,0.9
25DEC2002,23.5,0.3,26.3,1.0,28.0,1.4,29.5,1.0
01JAN2003,24.2,0.6,26.6,1.2,28.1,1.5,29.4,1.0
08JAN2003,23.9,-0.1,26.3,0.8,27.9,1.3,29.2,0.9
15JAN2003,24.1,-0.3,26.3,0.7,27.7,1.2,29.3,1.0
22JAN2003,24.4,-0.4,26.5,0.7,27.7,1.2,29.3,1.0
29JAN2003,24.9,-0.3,26.3,0.3,27.5,0.9,29.1,0.8
05FEB2003,25.3,-0.3,26.4,0.3,27.3,0.6,28.9,0.6
12FEB2003,25.7,-0.3,26.6,0.3,27.4,0.7,28.9,0.8
19FEB2003,26.2,-0.0,27.0,0.6,27.7,0.8,29.1,0.9
26FEB2003,26.0,-0.4,26.8,0.1,27.6,0.7,29.2,0.9
05MAR2003,25.7,-0.7,27.0,0.1,27.6,0.6,29.0,0.8
12MAR2003,25.7,-0.9,27.2,0.1,27.7,0.5,29.0,0.7
19MAR2003,26.5,-0.0,27.6,0.3,28.0,0.7,29.1,0.7
26MAR2003,25.5,-0.8,27.4,0.1,27.9,0.4,29.0,0.5
02APR2003,25.7,-0.4,27.2,-0.2,27.8,0.2,28.9,0.4
09APR2003,24.8,-1.0,27.3,-0.2,27.8,0.1,29.0,0.4
16APR2003,24.3,-1.2,27.3,-0.3,27.9,-0.0,28.9,0.3
23APR2003,23.6,-1.7,27.2,-0.3,27.8,-0.1,28.9,0.2
30APR2003,23.2,-1.7,26.5,-0.9,27.7,-0.2,28.9,0.1
07MAY2003,23.0,-1.7,26.3,-1.0,27.4,-0.5,28.9,0.0
14MAY2003,22.5,-1.9,26.2,-1.0,27.3,-0.6,28.8,-0.1
21MAY2003,22.3,-1.9,26.0,-1.1,27.3,-0.7,28.8,-0.1
28MAY2003,22.0,-1.8,26.0,-1.0,27.4,-0.5,29.0,0.1
04JUN2003,21.9,-1.6,25.7,-1.1,27.4,-0.4,29.0,-0.0
11JUN2003,21.6,-1.6,25.7,-0.9,27.4,-0.4,29.1,0.1
18JUN2003,21.1,-1.7,25.9,-0.6,27.5,-0.2,29.1,0.1
25JUN2003,21.6,-0.9,25.9,-0.4,27.6,-0.1,29.1,0.1
02JUL2003,21.4,-0.8,25.9,-0.3,27.5,0.0,29.2,0.3
09JUL2003,21.1,-0.9,25.9,-0.1,27.6,0.2,29.2,0.2
16JUL2003,20.8,-0.8,25.8,0.0,27.5,0.2,29.1,0.1
23JUL2003,20.2,-1.3,25.7,0.1,27.3,0.1,29.1,0.1
30JUL2003,20.3,-0.9,25.5,0.1,27.1,-0.0,29.0,0.1
06AUG2003,20.2,-0.8,25.3,0.0,27.0,-0.0,29.0,0.1
13AUG2003,20.0,-0.8,25.0,-0.1,26.9,-0.0,29.1,0.3
20AUG2003,20.6,-0.0,24.9,-0.1,26.7,-0.1,29.0,0.2
27AUG2003,20.0,-0.5,24.8,-0.2,26.7,-0.1,29.0,0.2
03SEP2003,20.4,-0.1,25.0,0.1,26.9,0.1,29.0,0.2
10SEP2003,19.9,-0.5,24.8,-0.1,26.8,0.0,28.9,0.1
17SEP2003,19.5,-0.8,25.0,0.1,26.9,0.1,28.9,0.2
24SEP2003,20.5,-0.0,25.0,0.2,27.1,0.4,29.1,0.4
01OCT2003,20.1,-0.5,25.3,0.4,27.3,0.5,29.1,0.4
08OCT2003,20.9,0.2,25.5,0.6,27.4,0.7,29.1,0.4
15OCT2003,20.9,0.2,25.2,0.2,27.1,0.4,29.1,0.4
22OCT2003,21.5,0.6,25.3,0.3,27.1,0.4,29.3,0.5
29OCT2003,21.4,0.3,25.4,0.4,27.2,0.4,29.3,0.6
05NOV2003,21.6,0.3,25.3,0.3,27.0,0.3,29.4,0.6
12NOV2003,21.8,0.4,25.3,0.3,26.9,0.2,29.3,0.6
19NOV2003,22.0,0.3,25.4,0.4,27.1,0.3,29.3,0.6
26NOV2003,22.3,0.4,25.5,0.4,27.2,0.4,29.2,0.5
03DEC2003,22.5,0.2,25.6,0.5,27.1,0.4,29.2,0.5
10DEC2003,22.9,0.4,25.5,0.3,27.0,0.3,29.1,0.5
17DEC2003,23.0,0.2,25.4,0.2,26.8,0.2,29.0,0.4
24DEC2003,23.0,-0.2,25.6,0.3,26.8,0.2,28.9,0.4
31DEC2003,23.8,0.2,25.7,0.3,26.7,0.1,28.7,0.3
07JAN2004,24.2,0.2,25.7,0.2,26.6,-0.0,28.7,0.3
14JAN2004,24.6,0.2,25.9,0.3,26.6,0.0,28.9,0.5
21JAN2004,24.8,-0.0,26.0,0.3,27.0,0.4,28.9,0.6
28JAN2004,24.7,-0.5,26.1,0.1,26.9,0.2,28.8,0.5
04FEB2004,25.0,-0.5,26.0,-0.1,26.8,0.1,28.7,0.5
11FEB2004,25.4,-0.5,26.4,0.1,26.8,0.1,28.5,0.3
18FEB2004,26.1,-0.0,26.7,0.2,26.9,0.1,28.5,0.3
25FEB2004,26.3,-0.0,26.7,0.1,27.0,0.1,28.5,0.3
03MAR2004,25.8,-0.6,26.7,-0.2,26.9,-0.1,28.5,0.2
10MAR2004,25.4,-1.1,27.1,0.0,26.9,-0.3,28.3,0.0
17MAR2004,25.6,-0.9,27.4,0.2,27.1,-0.2,28.3,-0.0
24MAR2004,26.0,-0.4,27.4,0.1,27.3,-0.2,28.4,0.0
31MAR2004,26.1,0.1,27.4,-0.0,27.5,-0.1,28.5,0.1
07APR2004,26.0,0.1,27.4,-0.1,27.7,-0.0,28.6,0.0
14APR2004,25.2,-0.4,27.4,-0.1,27.8,-0.0,28.7,0.1
21APR2004,24.8,-0.5,27.4,-0.1,28.0,0.1,28.8,0.1
28APR2004,24.1,-1.0,27.2,-0.2,28.1,0.2,28.9,0.2
05MAY2004,23.6,-1.2,26.7,-0.6,27.9,0.0,29.0,0.1
12MAY2004,23.1,-1.4,26.6,-0.6,28.0,0.0,29.0,0.1
19MAY2004,22.8,-1.5,26.8,-0.4,28.2,0.3,29.2,0.3
26MAY2004,22.7,-1.2,26.7,-0.3,28.1,0.2,29.4,0.4
02JUN2004,22.1,-1.5,26.7,-0.1,28.1,0.2,29.2,0.2
09JUN2004,21.7,-1.5,26.6,-0.1,28.0,0.2,29.2,0.2
16JUN2004,21.5,-1.4,26.4,-0.2,27.8,0.0,29.2,0.2
23JUN2004,21.3,-1.3,26.0,-0.4,27.5,-0.1,29.1,0.1
30JUN2004,21.0,-1.3,25.6,-0.6,27.3,-0.2,29.1,0.1
07JUL2004,20.8,-1.2,25.4,-0.5,27.6,0.2,29.4,0.5
14JUL2004,20.9,-0.8,25.5,-0.3,27.7,0.3,29.4,0.4
21JUL2004,20.7,-0.8,25.2,-0.4,27.7,0.5,29.4,0.5
28JUL2004,20.3,-0.9,25.4,-0.1,27.9,0.7,29.4,0.5
04AUG2004,19.9,-1.2,25.2,-0.1,27.8,0.7,29.4,0.5
11AUG2004,19.7,-1.1,25.1,-0.0,27.6,0.7,29.2,0.4
18AUG2004,19.6,-1.0,24.9,-0.1,27.4,0.5,29.2,0.4
25AUG2004,19.2,-1.4,24.9,-0.0,27.4,0.6,29.3,0.5
01SEP2004,20.1,-0.4,25.0,0.1,27.4,0.6,29.6,0.8
08SEP2004,19.8,-0.6,25.0,0.1,27.4,0.6,29.6,0.8
15SEP2004,19.8,-0.5,25.1,0.3,27.5,0.7,29.6,0.9
22SEP2004,20.4,-0.1,25.3,0.4,27.6,0.8,29.6,0.8
29SEP2004,20.5,-0.0,25.4,0.5,27.5,0.8,29.5,0.7
06OCT2004,20.8,0.1,25.2,0.3,27.4,0.6,29.5,0.7
13OCT2004,20.5,-0.2,25.2,0.2,27.3,0.6,29.4,0.7
20OCT2004,21.4,0.5,25.4,0.5,27.4,0.7,29.6,0.9
27OCT2004,21.3,0.2,25.4,0.4,27.4,0.7,29.7,0.9
03NOV2004,21.5,0.3,25.4,0.4,27.3,0.5,29.6,0.9
10NOV2004,22.0,0.6,25.5,0.4,27.3,0.5,29.5,0.8
17NOV2004,22.2,0.6,25.5,0.4,27.3,0.6,29.6,0.9
24NOV2004,21.9,0.1,25.4,0.3,27.3,0.6,29.5,0.8
01DEC2004,22.4,0.2,25.6,0.5,27.4,0.7,29.4,0.8
08DEC2004,22.3,-0.2,25.7,0.5,27.4,0.7,29.4,0.7
15DEC2004,22.9,0.2,25.8,0.6,27.3,0.7,29.2,0.7
22DEC2004,22.9,-0.2,25.9,0.6,27.3,0.7,29.5,1.0
29DEC2004,23.6,0.2,25.8,0.4,27.2,0.6,29.5,1.0
05JAN2005,23.7,-0.2,25.7,0.2,27.1,0.5,29.3,0.9
12JAN2005,24.2,-0.0,25.9,0.3,27.1,0.5,29.2,0.8
19JAN2005,25.0,0.3,26.0,0.3,27.1,0.5,29.2,0.9
26JAN2005,24.9,-0.1,26.0,0.1,27.1,0.5,29.2,0.9
02FEB2005,24.6,-0.9,25.9,-0.2,26.9,0.2,29.0,0.7
09FEB2005,25.1,-0.7,26.2,-0.0,27.0,0.3,28.8,0.6
16FEB2005,25.8,-0.4,26.4,-0.0,27.0,0.3,28.8,0.6
23FEB2005,25.7,-0.5,26.3,-0.3,27.0,0.1,28.7,0.5
02MAR2005,25.2,-1.2,26.2,-0.6,27.0,-0.0,28.8,0.5
09MAR2005,25.9,-0.6,26.7,-0.3,27.2,0.1,28.8,0.5
16MAR2005,25.9,-0.7,27.3,0.1,27.6,0.4,29.0,0.6
23MAR2005,25.0,-1.3,27.3,-0.0,27.9,0.4,28.9,0.5
30MAR2005,24.9,-1.2,27.4,0.1,28.0,0.5,29.0,0.5
06APR2005,24.8,-1.1,27.4,-0.1,28.0,0.3,28.9,0.4
13APR2005,24.6,-1.0,27.7,0.1,27.9,0.0,28.8,0.2
20APR2005,24.8,-0.6,27.9,0.4,28.2,0.3,28.9,0.2
27APR2005,25.4,0.3,28.1,0.7,28.3,0.4,29.1,0.3
04MAY2005,25.2,0.4,28.1,0.8,28.3,0.3,29.1,0.2
11MAY2005,24.6,-0.0,27.6,0.4,28.2,0.3,29.1,0.2
18MAY2005,24.5,0.2,27.4,0.2,28.2,0.3,29.3,0.3
25MAY2005,23.5,-0.4,27.1,0.1,28.2,0.3,29.2,0.3
01JUN2005,23.0,-0.7,26.8,-0.1,28.1,0.2,29.2,0.2
08JUN2005,22.6,-0.7,26.9,0.2,28.1,0.3,29.2,0.2
15JUN2005,22.3,-0.6,26.8,0.2,28.1,0.3,29.2,0.2
22JUN2005,22.2,-0.5,26.9,0.5,28.0,0.4,29.1,0.1
29JUN2005,21.6,-0.7,26.7,0.5,28.0,0.4,29.1,0.2
06JUL2005,21.5,-0.6,26.3,0.3,27.8,0.3,29.2,0.3
13JUL2005,21.5,-0.3,26.2,0.3,27.6,0.2,29.1,0.1
20JUL2005,20.7,-0.8,25.8,0.1,27.3,0.1,29.0,0.1
27JUL2005,20.8,-0.5,25.4,-0.1,27.1,-0.0,28.9,-0.0
03AUG2005,20.8,-0.3,25.2,-0.2,26.9,-0.2,28.8,-0.1
10AUG2005,20.6,-0.3,25.2,0.0,26.9,-0.1,28.7,-0.1
17AUG2005,20.4,-0.2,25.4,0.3,27.0,0.1,28.9,0.1
24AUG2005,20.8,0.2,25.2,0.2,26.9,0.1,28.9,0.1
31AUG2005,20.4,-0.2,24.8,-0.1,26.7,-0.1,28.9,0.1
07SEP2005,20.0,-0.5,24.5,-0.3,26.5,-0.3,28.7,-0.0
14SEP2005,19.7,-0.7,24.5,-0.4,26.4,-0.3,28.7,-0.1
21SEP2005,19.6,-0.9,24.7,-0.2,26.8,0.1,28.9,0.2
28SEP2005,19.6,-0.9,24.5,-0.4,26.7,0.0,28.9,0.2
05OCT2005,19.4,-1.2,24.6,-0.3,26.9,0.2,29.0,0.2
12OCT2005,20.0,-0.7,24.9,-0.1,26.9,0.2,28.9,0.2
19OCT2005,19.8,-1.0,24.7,-0.3,26.7,-0.1,28.8,0.1
26OCT2005,19.9,-1.2,24.7,-0.3,26.6,-0.1,28.8,0.0
02NOV2005,19.8,-1.4,24.3,-0.7,26.5,-0.3,28.7,-0.1
09NOV2005,20.2,-1.2,24.2,-0.8,26.3,-0.5,28.6,-0.2
16NOV2005,21.0,-0.5,24.3,-0.7,26.5,-0.3,28.6,-0.1
23NOV2005,21.2,-0.6,24.3,-0.8,26.3,-0.4,28.7,-0.0
30NOV2005,21.2,-0.9,24.2,-0.9,26.1,-0.6,28.6,-0.0
07DEC2005,21.4,-1.0,24.1,-1.1,26.0,-0.7,28.6,-0.1
14DEC2005,21.8,-0.8,24.0,-1.2,25.8,-0.8,28.5,-0.1
21DEC2005,23.1,0.1,24.3,-0.9,25.8,-0.8,28.1,-0.4
28DEC2005,23.3,-0.1,24.7,-0.7,25.9,-0.7,28.0,-0.5
04JAN2006,23.4,-0.4,25.0,-0.5,25.8,-0.8,27.9,-0.5
11JAN2006,24.2,0.0,25.0,-0.6,25.7,-0.9,27.8,-0.6
18JAN2006,24.3,-0.3,24.8,-0.9,25.5,-1.1,27.6,-0.7
25JAN2006,24.8,-0.1,25.1,-0.7,25.5,-1.1,27.4,-0.9
01FEB2006,25.0,-0.4,25.5,-0.6,25.8,-0.9,27.4,-0.8
08FEB2006,25.9,0.2,25.8,-0.4,26.0,-0.7,27.3,-1.0
15FEB2006,27.1,0.9,26.3,-0.0,26.1,-0.6,27.3,-0.9
22FEB2006,26.8,0.5,26.4,-0.2,26.3,-0.6,27.4,-0.8
01MAR2006,27.0,0.6,26.2,-0.6,26.1,-0.9,27.4,-0.9
08MAR2006,26.9,0.5,26.5,-0.5,26.4,-0.7,27.6,-0.7
15MAR2006,26.7,0.1,26.5,-0.7,26.5,-0.8,27.7,-0.6
22MAR2006,26.6,0.2,26.6,-0.7,26.7,-0.7,28.0,-0.4
29MAR2006,26.0,-0.2,26.8,-0.6,27.0,-0.5,28.1,-0.4
05APR2006,24.9,-1.0,27.1,-0.4,27.3,-0.4,28.1,-0.4
12APR2006,24.0,-1.6,27.6,-0.0,27.7,-0.1,28.3,-0.3
19APR2006,23.4,-2.1,27.2,-0.3,27.7,-0.2,28.4,-0.3
26APR2006,23.1,-2.0,27.2,-0.3,27.7,-0.2,28.5,-0.2
03MAY2006,23.9,-1.0,27.2,-0.2,27.7,-0.2,28.6,-0.2
10MAY2006,24.1,-0.5,27.1,-0.1,27.8,-0.1,28.8,-0.1
17MAY2006,23.8,-0.5,27.1,-0.1,28.1,0.1,29.1,0.1
24MAY2006,23.5,-0.5,26.9,-0.1,28.0,0.1,29.0,0.0
31MAY2006,23.4,-0.2,26.8,-0.1,28.0,0.1,29.2,0.2
07JUN2006,22.6,-0.7,26.6,-0.1,28.0,0.2,29.2,0.2
14JUN2006,22.8,-0.2,26.5,-0.1,27.9,0.2,29.2,0.2
21JUN2006,22.5,-0.2,26.3,-0.1,27.8,0.1,29.2,0.2
28JUN2006,22.4,-0.0,26.1,-0.1,27.6,-0.0,29.0,0.0
05JUL2006,22.2,0.1,26.0,-0.1,27.5,-0.0,29.0,-0.0
12JUL2006,22.0,0.2,25.8,-0.1,27.3,-0.1,29.0,0.0
19JUL2006,22.3,0.8,25.8,0.1,27.3,0.0,29.1,0.2
26JUL2006,22.0,0.7,25.7,0.1,27.3,0.1,29.2,0.3
02AUG2006,21.9,0.7,25.5,0.2,27.2,0.2,29.2,0.3
09AUG2006,21.7,0.8,25.3,0.1,27.1,0.1,29.1,0.3
16AUG2006,21.6,0.9,25.4,0.3,27.2,0.3,29.2,0.4
23AUG2006,21.5,0.9,25.5,0.5,27.3,0.4,29.3,0.5
30AUG2006,21.1,0.6,25.6,0.6,27.3,0.5,29.3,0.5
06SEP2006,21.6,1.2,25.6,0.7,27.4,0.6,29.4,0.7
13SEP2006,21.3,0.9,25.8,0.9,27.3,0.6,29.4,0.6
20SEP2006,21.2,0.8,25.9,1.1,27.4,0.7,29.4,0.7
27SEP2006,21.7,1.1,25.7,0.8,27.2,0.5,29.3,0.6
04OCT2006,21.7,1.1,25.7,0.8,27.2,0.5,29.2,0.5
11OCT2006,22.2,1.5,26.1,1.2,27.5,0.8,29.4,0.7
18OCT2006,22.4,1.5,26.0,1.0,27.5,0.8,29.5,0.7
25OCT2006,22.7,1.6,26.1,1.1,27.6,0.9,29.6,0.9
01NOV2006,22.4,1.3,25.9,0.9,27.6,0.8,29.5,0.7
08NOV2006,22.5,1.2,25.9,0.9,27.6,0.8,29.6,0.8
15NOV2006,22.6,1.1,26.1,1.1,27.8,1.0,29.7,1.0
22NOV2006,22.7,0.8,26.3,1.2,27.8,1.1,29.6,0.9
29NOV2006,23.0,1.0,26.1,1.0,27.8,1.1,29.6,0.9
06DEC2006,22.9,0.5,26.1,1.0,27.9,1.2,29.6,1.0
13DEC2006,22.9,0.3,26.3,1.1,27.8,1.1,29.5,0.9
20DEC2006,23.7,0.7,26.5,1.2,27.7,1.1,29.4,0.9
27DEC2006,24.0,0.6,26.6,1.3,27.7,1.1,29.4,0.9
03JAN2007,24.3,0.5,26.4,0.9,27.5,0.9,29.2,0.8
10JAN2007,24.9,0.7,26.7,1.1,27.5,0.9,29.1,0.7
17JAN2007,25.0,0.4,26.4,0.7,27.2,0.6,28.8,0.5
24JAN2007,25.2,0.2,26.5,0.7,27.1,0.5,28.7,0.4
31JAN2007,25.6,0.3,26.6,0.6,27.0,0.3,28.7,0.4
07FEB2007,26.0,0.3,26.6,0.4,26.9,0.2,28.6,0.4
14FEB2007,26.3,0.2,26.3,-0.1,26.7,-0.0,28.6,0.5
21FEB2007,26.4,0.2,26.4,-0.1,26.8,-0.1,28.6,0.4
28FEB2007,25.7,-0.6,26.4,-0.3,26.9,-0.1,28.5,0.3
07MAR2007,25.8,-0.6,26.6,-0.3,26.9,-0.2,28.5,0.3
14MAR2007,26.0,-0.6,27.3,0.2,27.3,0.0,28.6,0.3
21MAR2007,25.6,-0.9,26.8,-0.5,27.2,-0.2,28.5,0.2
28MAR2007,25.1,-1.1,26.6,-0.8,27.4,-0.1,28.5,0.1
04APR2007,24.5,-1.5,26.7,-0.8,27.5,-0.1,28.7,0.2
11APR2007,24.4,-1.3,27.2,-0.3,27.8,0.0,28.7,0.1
18APR2007,23.9,-1.5,27.4,-0.2,27.9,0.0,28.7,0.0
25APR2007,24.1,-1.1,27.3,-0.2,27.8,-0.1,28.7,-0.1
02MAY2007,23.6,-1.3,26.9,-0.5,27.7,-0.2,28.6,-0.2
09MAY2007,23.0,-1.6,26.3,-1.0,27.4,-0.5,28.7,-0.1
16MAY2007,22.9,-1.4,26.3,-0.9,27.5,-0.5,28.8,-0.1
23MAY2007,22.3,-1.7,26.3,-0.7,27.7,-0.2,29.0,0.0
30MAY2007,21.8,-1.9,26.1,-0.8,27.6,-0.3,29.0,0.1
06JUN2007,21.6,-1.8,25.8,-1.0,27.6,-0.2,29.0,0.0
13JUN2007,22.2,-0.8,26.1,-0.5,27.7,-0.0,29.1,0.1
20JUN2007,21.8,-0.9,25.9,-0.6,27.6,-0.1,28.9,-0.1
27JUN2007,20.7,-1.8,25.5,-0.7,27.3,-0.3,28.8,-0.2
04JUL2007,21.2,-0.9,25.3,-0.7,27.0,-0.5,28.7,-0.3
11JUL2007,20.1,-1.8,24.9,-1.0,26.8,-0.6,28.8,-0.2
18JUL2007,19.9,-1.7,24.8,-0.9,26.9,-0.4,28.9,-0.1
25JUL2007,20.3,-1.0,24.5,-1.1,26.6,-0.6,28.9,-0.0
01AUG2007,19.6,-1.5,24.1,-1.3,26.4,-0.7,28.7,-0.2
08AUG2007,19.3,-1.6,23.8,-1.4,26.2,-0.8,28.6,-0.3
15AUG2007,19.7,-1.0,24.0,-1.1,26.3,-0.6,28.6,-0.2
22AUG2007,19.2,-1.4,23.8,-1.2,26.1,-0.8,28.5,-0.3
29AUG2007,18.4,-2.2,23.7,-1.3,26.1,-0.7,28.4,-0.4
05SEP2007,19.4,-1.1,23.7,-1.2,26.0,-0.8,28.3,-0.5
12SEP2007,18.6,-1.8,23.6,-1.2,25.8,-1.0,28.0,-0.7
19SEP2007,18.5,-2.0,23.6,-1.2,25.8,-0.9,28.0,-0.8
26SEP2007,18.4,-2.1,23.2,-1.7,25.6,-1.2,28.0,-0.8
03OCT2007,18.3,-2.3,23.2,-1.7,25.4,-1.3,27.9,-0.8
10OCT2007,18.8,-1.8,23.3,-1.6,24.9,-1.8,27.7,-1.1
17OCT2007,18.6,-2.2,23.5,-1.4,25.3,-1.5,27.9,-0.8
24OCT2007,19.2,-1.8,23.5,-1.5,25.3,-1.5,27.8,-1.0
31OCT2007,19.7,-1.4,23.2,-1.8,25.2,-1.5,27.8,-1.0
07NOV2007,19.3,-2.1,23.0,-2.0,25.0,-1.7,27.5,-1.3
14NOV2007,19.2,-2.3,23.2,-1.8,25.2,-1.6,27.3,-1.4
21NOV2007,19.8,-1.9,23.2,-1.9,24.9,-1.8,27.1,-1.6
28NOV2007,19.8,-2.2,23.3,-1.9,25.1,-1.6,27.4,-1.3
05DEC2007,20.6,-1.7,23.5,-1.6,25.1,-1.6,27.5,-1.1
12DEC2007,20.3,-2.3,23.3,-1.8,24.9,-1.8,27.5,-1.1
19DEC2007,21.3,-1.6,23.7,-1.5,25.0,-1.7,27.2,-1.4
26DEC2007,21.9,-1.4,23.7,-1.6,24.9,-1.7,27.0,-1.5
02JAN2008,22.6,-1.1,23.9,-1.5,25.0,-1.6,26.8,-1.7
09JAN2008,23.3,-0.8,24.0,-1.5,24.8,-1.8,26.6,-1.7
16JAN2008,24.1,-0.4,24.0,-1.6,24.6,-2.0,26.6,-1.7
23JAN2008,24.1,-0.7,24.1,-1.7,24.4,-2.2,26.4,-1.9
30JAN2008,25.1,-0.2,24.7,-1.3,24.9,-1.7,26.5,-1.8
06FEB2008,25.9,0.3,24.8,-1.4,24.6,-2.1,26.4,-1.9
13FEB2008,25.9,-0.2,24.7,-1.6,24.5,-2.2,26.4,-1.8
20FEB2008,26.7,0.5,25.1,-1.4,24.9,-2.0,26.4,-1.8
27FEB2008,27.2,0.9,25.8,-0.9,25.3,-1.6,26.3,-1.9
05MAR2008,27.3,0.9,26.3,-0.6,25.7,-1.3,26.6,-1.7
12MAR2008,27.2,0.6,26.5,-0.6,26.0,-1.2,26.7,-1.6
19MAR2008,27.3,0.8,26.7,-0.5,26.2,-1.1,26.8,-1.5
26MAR2008,27.1,0.9,26.8,-0.6,26.3,-1.1,27.0,-1.4
02APR2008,27.2,1.1,26.9,-0.5,26.5,-1.1,27.2,-1.3
09APR2008,25.9,0.1,27.3,-0.3,26.7,-1.0,27.3,-1.3
16APR2008,25.5,-0.1,27.3,-0.3,26.9,-1.0,27.4,-1.2
23APR2008,25.5,0.3,27.1,-0.4,26.9,-1.0,27.5,-1.2
30APR2008,24.5,-0.4,27.3,-0.1,27.1,-0.8,27.7,-1.1
07MAY2008,24.1,-0.6,26.8,-0.5,27.0,-1.0,27.7,-1.2
14MAY2008,24.5,0.0,27.1,-0.1,27.1,-0.8,27.8,-1.1
21MAY2008,24.1,-0.0,27.2,0.1,27.3,-0.6,28.0,-0.9
28MAY2008,24.1,0.3,27.2,0.3,27.3,-0.6,28.0,-1.0
04JUN2008,24.0,0.5,27.0,0.2,27.3,-0.5,28.0,-1.0
11JUN2008,23.7,0.6,26.7,0.1,27.2,-0.6,28.0,-1.0
18JUN2008,23.3,0.5,26.3,-0.2,27.1,-0.6,28.1,-0.9
25JUN2008,23.0,0.5,26.2,-0.1,27.1,-0.5,28.1,-0.9
02JUL2008,22.7,0.5,26.3,0.2,27.2,-0.3,28.2,-0.7
09JUL2008,22.7,0.8,26.3,0.4,27.3,-0.2,28.3,-0.7
16JUL2008,22.7,1.0,26.2,0.4,27.3,-0.1,28.3,-0.7
23JUL2008,22.6,1.2,25.9,0.4,27.1,-0.1,28.2,-0.7
30JUL2008,22.2,1.0,25.9,0.4,27.1,-0.1,28.2,-0.7
06AUG2008,22.0,1.0,25.9,0.6,27.0,0.0,28.2,-0.6
13AUG2008,22.5,1.7,25.8,0.7,27.0,0.1,28.2,-0.6
20AUG2008,21.1,0.5,25.5,0.5,26.7,-0.1,28.1,-0.7
27AUG2008,21.3,0.8,25.3,0.4,26.6,-0.2,28.1,-0.7
03SEP2008,21.3,0.8,25.3,0.4,26.6,-0.2,28.1,-0.7
10SEP2008,21.0,0.6,25.2,0.3,26.6,-0.2,28.1,-0.7
17SEP2008,21.1,0.8,24.9,0.1,26.4,-0.4,28.1,-0.7
24SEP2008,21.3,0.8,25.1,0.2,26.4,-0.4,28.1,-0.7
01OCT2008,21.0,0.5,24.7,-0.2,26.2,-0.6,28.3,-0.5
08OCT2008,20.6,-0.1,24.9,0.0,26.3,-0.4,28.3,-0.5
15OCT2008,20.7,-0.1,24.9,-0.1,26.4,-0.3,28.3,-0.5
22OCT2008,21.0,0.0,24.8,-0.2,26.3,-0.4,28.2,-0.5
29OCT2008,20.5,-0.6,24.6,-0.4,26.4,-0.3,28.2,-0.5
05NOV2008,21.3,0.1,24.6,-0.4,26.3,-0.4,28.2,-0.5
12NOV2008,21.8,0.3,24.9,-0.2,26.5,-0.3,28.1,-0.7
19NOV2008,21.5,-0.2,24.9,-0.2,26.3,-0.4,28.0,-0.8
26NOV2008,21.2,-0.8,24.6,-0.5,26.1,-0.6,27.9,-0.8
03DEC2008,21.4,-0.8,24.8,-0.4,26.0,-0.7,27.9,-0.8
10DEC2008,22.1,-0.4,24.6,-0.5,25.8,-0.9,27.7,-0.9
17DEC2008,22.6,-0.2,24.6,-0.6,25.8,-0.8,27.7,-0.9
24DEC2008,22.8,-0.4,24.5,-0.8,25.6,-1.0,27.5,-1.0
31DEC2008,23.3,-0.2,24.4,-1.0,25.4,-1.2,27.5,-0.9
07JAN2009,23.4,-0.6,24.5,-1.0,25.4,-1.2,27.4,-1.0
14JAN2009,24.0,-0.3,24.8,-0.8,25.4,-1.1,27.4,-0.9
21JAN2009,25.3,0.5,25.5,-0.2,25.8,-0.8,27.4,-0.9
28JAN2009,25.3,0.1,25.5,-0.4,25.7,-1.0,27.3,-1.0
04FEB2009,25.1,-0.5,25.4,-0.7,25.7,-1.0,27.2,-1.0
11FEB2009,25.8,-0.1,25.6,-0.6,25.9,-0.8,27.3,-0.9
18FEB2009,26.3,0.1,26.1,-0.4,26.2,-0.6,27.4,-0.8
25FEB2009,26.5,0.2,26.4,-0.3,26.3,-0.6,27.4,-0.8
04MAR2009,26.5,0.1,26.1,-0.7,26.4,-0.7,27.5,-0.8
11MAR2009,26.1,-0.4,26.1,-0.9,26.7,-0.5,27.7,-0.5
18MAR2009,26.0,-0.5,26.4,-0.8,26.7,-0.6,27.8,-0.6
25MAR2009,26.3,-0.0,26.7,-0.6,26.8,-0.7,27.9,-0.5
01APR2009,26.4,0.4,27.2,-0.2,27.1,-0.4,28.1,-0.3
08APR2009,25.7,-0.1,27.4,-0.1,27.4,-0.3,28.3,-0.3
15APR2009,26.1,0.6,27.5,-0.1,27.5,-0.3,28.3,-0.4
22APR2009,25.4,0.1,27.3,-0.2,27.6,-0.3,28.4,-0.3
29APR2009,25.3,0.3,27.5,0.1,27.7,-0.2,28.6,-0.2
06MAY2009,25.3,0.6,27.6,0.3,27.9,0.0,28.8,-0.0
13MAY2009,24.8,0.3,27.4,0.2,28.0,0.1,29.0,0.1
20MAY2009,24.4,0.2,27.4,0.3,28.2,0.3,29.1,0.2
27MAY2009,24.3,0.4,27.2,0.3,28.1,0.2,29.1,0.2
03JUN2009,23.7,0.2,27.1,0.3,27.9,0.1,29.0,0.0
10JUN2009,23.7,0.5,27.2,0.5,28.1,0.3,29.1,0.1
17JUN2009,23.9,1.0,27.2,0.7,28.2,0.4,29.2,0.2
24JUN2009,23.5,0.9,27.1,0.8,28.2,0.6,29.3,0.3
01JUL2009,22.9,0.7,26.9,0.7,28.2,0.6,29.3,0.4
08JUL2009,23.0,1.0,26.7,0.7,28.0,0.6,29.2,0.3
15JUL2009,22.7,1.0,26.6,0.9,28.0,0.6,29.2,0.3
22JUL2009,22.2,0.8,26.5,0.9,27.9,0.7,29.2,0.3
29JUL2009,22.1,0.8,26.2,0.7,27.7,0.6,29.1,0.2
05AUG2009,22.2,1.2,26.0,0.8,27.6,0.6,29.1,0.2
12AUG2009,21.4,0.6,25.9,0.8,27.4,0.5,29.1,0.3
19AUG2009,21.6,0.9,25.8,0.8,27.4,0.6,29.2,0.4
26AUG2009,21.5,0.9,25.9,1.0,27.6,0.8,29.3,0.6
02SEP2009,21.4,0.9,25.9,0.9,27.6,0.8,29.3,0.5
09SEP2009,21.1,0.6,25.7,0.8,27.5,0.8,29.3,0.5
16SEP2009,20.8,0.4,25.6,0.8,27.5,0.8,29.3,0.5
23SEP2009,20.5,0.0,25.6,0.7,27.4,0.7,29.2,0.5
30SEP2009,20.4,-0.2,25.4,0.5,27.3,0.6,29.2,0.5
07OCT2009,20.1,-0.5,25.5,0.6,27.3,0.6,29.4,0.6
14OCT2009,21.0,0.2,25.6,0.6,27.5,0.8,29.6,0.9
21OCT2009,21.2,0.3,25.8,0.8,27.7,1.0,29.8,1.1
28OCT2009,21.6,0.6,26.1,1.2,28.1,1.3,30.0,1.2
04NOV2009,21.8,0.5,26.2,1.2,28.2,1.5,29.9,1.2
11NOV2009,22.1,0.6,26.2,1.1,28.2,1.4,29.9,1.1
18NOV2009,22.2,0.6,26.2,1.1,28.2,1.5,29.8,1.1
25NOV2009,22.2,0.3,26.3,1.2,28.2,1.5,29.9,1.2
02DEC2009,22.7,0.5,26.5,1.3,28.2,1.5,29.7,1.1
09DEC2009,22.7,0.3,26.6,1.5,28.2,1.6,29.6,1.0
16DEC2009,22.6,-0.1,26.7,1.5,28.3,1.7,29.7,1.1
23DEC2009,23.7,0.5,26.8,1.5,28.4,1.8,29.7,1.2
30DEC2009,24.3,0.7,26.7,1.3,28.3,1.7,29.6,1.1
06JAN2010,24.3,0.4,26.7,1.2,28.3,1.7,29.7,1.3
13JAN2010,24.6,0.3,26.7,1.1,28.2,1.6,29.6,1.3
20JAN2010,24.7,0.0,26.5,0.8,28.0,1.4,29.5,1.2
27JAN2010,25.5,0.4,26.6,0.7,27.8,1.2,29.3,1.1
03FEB2010,25.4,-0.1,26.7,0.6,27.8,1.2,29.1,0.9
10FEB2010,25.7,-0.2,27.0,0.7,27.9,1.2,29.0,0.8
17FEB2010,26.4,0.2,27.2,0.8,27.9,1.2,29.0,0.9
24FEB2010,26.5,0.2,27.4,0.8,28.0,1.1,29.2,1.0
03MAR2010,26.3,-0.1,27.5,0.7,28.1,1.1,29.2,0.9
10MAR2010,26.0,-0.5,27.5,0.5,28.3,1.1,29.3,1.0
17MAR2010,26.2,-0.4,27.8,0.6,28.4,1.1,29.2,0.9
24MAR2010,26.3,-0.1,27.9,0.6,28.4,0.9,29.2,0.8
31MAR2010,25.9,-0.1,28.1,0.7,28.4,0.8,29.2,0.7
07APR2010,26.0,0.2,28.1,0.6,28.4,0.7,29.3,0.7
14APR2010,26.6,1.0,28.2,0.6,28.5,0.6,29.2,0.5
21APR2010,26.0,0.7,28.0,0.5,28.4,0.5,29.2,0.5
28APR2010,25.2,0.2,27.8,0.3,28.2,0.3,29.3,0.5
05MAY2010,24.8,0.0,27.7,0.4,28.0,0.1,29.1,0.3
12MAY2010,24.8,0.3,27.1,-0.1,27.7,-0.3,29.0,0.1
19MAY2010,24.0,-0.2,26.8,-0.3,27.5,-0.4,29.0,0.0
26MAY2010,23.2,-0.7,26.4,-0.5,27.5,-0.4,29.0,0.0
02JUN2010,23.4,-0.2,26.1,-0.7,27.3,-0.6,28.8,-0.2
09JUN2010,23.1,-0.2,26.0,-0.7,27.1,-0.7,28.7,-0.3
16JUN2010,22.3,-0.7,25.8,-0.7,27.0,-0.8,28.6,-0.4
23JUN2010,22.4,-0.3,25.5,-0.9,26.9,-0.8,28.5,-0.5
30JUN2010,21.6,-0.8,25.3,-0.9,26.7,-0.9,28.3,-0.6
07JUL2010,20.9,-1.2,24.8,-1.1,26.4,-1.0,28.2,-0.7
14JUL2010,20.0,-1.7,24.6,-1.2,26.1,-1.2,28.2,-0.7
21JUL2010,19.6,-1.9,24.4,-1.2,26.0,-1.3,28.0,-1.0
28JUL2010,19.5,-1.8,24.0,-1.5,25.6,-1.5,27.8,-1.1
04AUG2010,19.5,-1.6,24.0,-1.3,25.8,-1.3,27.7,-1.2
11AUG2010,19.6,-1.2,24.1,-1.0,25.7,-1.3,27.5,-1.3
18AUG2010,19.2,-1.4,23.8,-1.2,25.6,-1.3,27.5,-1.3
25AUG2010,19.2,-1.4,23.7,-1.3,25.2,-1.7,27.1,-1.6
01SEP2010,18.8,-1.7,23.4,-1.5,25.1,-1.7,27.2,-1.6
08SEP2010,19.1,-1.4,23.5,-1.4,25.2,-1.6,27.1,-1.7
15SEP2010,18.6,-1.8,23.4,-1.5,25.1,-1.6,27.1,-1.7
22SEP2010,19.3,-1.2,24.0,-0.8,25.1,-1.6,27.1,-1.7
29SEP2010,19.2,-1.3,23.5,-1.4,24.8,-1.9,27.1,-1.7
06OCT2010,18.7,-1.9,23.2,-1.7,24.8,-2.0,27.1,-1.7
13OCT2010,18.9,-1.8,23.0,-2.0,25.1,-1.7,27.1,-1.7
20OCT2010,19.1,-1.8,23.2,-1.7,25.1,-1.7,27.0,-1.8
27OCT2010,19.8,-1.3,23.6,-1.4,25.2,-1.6,27.0,-1.8
03NOV2010,19.7,-1.6,23.4,-1.6,25.2,-1.5,27.0,-1.8
10NOV2010,19.5,-1.9,23.5,-1.6,25.2,-1.5,27.2,-1.6
17NOV2010,20.2,-1.4,23.5,-1.6,25.0,-1.7,27.1,-1.6
24NOV2010,20.6,-1.3,23.3,-1.8,24.9,-1.8,26.9,-1.8
01DEC2010,20.5,-1.6,23.3,-1.8,25.0,-1.7,27.0,-1.7
08DEC2010,20.9,-1.5,23.4,-1.7,25.0,-1.7,26.9,-1.7
15DEC2010,21.1,-1.6,23.5,-1.7,25.0,-1.6,26.9,-1.7
22DEC2010,21.7,-1.4,23.4,-1.9,24.8,-1.9,26.8,-1.7
29DEC2010,22.9,-0.5,23.8,-1.6,25.0,-1.6,26.7,-1.8
05JAN2011,23.1,-0.7,24.1,-1.4,25.0,-1.6,26.7,-1.7
12JAN2011,23.6,-0.7,24.1,-1.5,24.7,-1.9,26.6,-1.8
19JAN2011,24.2,-0.5,24.4,-1.3,25.0,-1.6,26.7,-1.6
26JAN2011,25.0,-0.0,24.5,-1.4,24.9,-1.7,26.8,-1.5
02FEB2011,25.3,-0.2,24.9,-1.1,25.1,-1.5,26.6,-1.6
09FEB2011,25.9,0.1,25.5,-0.8,25.5,-1.2,26.8,-1.4
16FEB2011,26.8,0.7,25.6,-0.8,25.4,-1.3,27.0,-1.2
23FEB2011,26.4,0.1,25.9,-0.7,25.6,-1.3,27.0,-1.2
02MAR2011,25.7,-0.7,26.0,-0.8,25.7,-1.3,27.1,-1.2
09MAR2011,26.3,-0.2,26.2,-0.8,26.0,-1.1,27.3,-1.0
16MAR2011,26.6,-0.0,26.3,-0.8,26.4,-0.9,27.5,-0.8
23MAR2011,25.8,-0.6,26.6,-0.7,26.4,-1.0,27.5,-0.8
30MAR2011,25.6,-0.5,26.9,-0.5,26.6,-1.0,27.5,-0.9
06APR2011,25.4,-0.4,27.1,-0.3,26.9,-0.8,27.7,-0.8
13APR2011,25.8,0.2,27.3,-0.3,27.1,-0.8,27.9,-0.7
20APR2011,25.4,-0.0,27.2,-0.4,27.1,-0.8,27.8,-0.9
27APR2011,25.8,0.7,27.2,-0.2,27.1,-0.8,27.9,-0.8
04MAY2011,25.1,0.3,27.0,-0.4,27.2,-0.7,28.0,-0.8
11MAY2011,25.3,0.8,27.0,-0.3,27.4,-0.6,28.3,-0.6
18MAY2011,24.6,0.4,27.0,-0.2,27.6,-0.4,28.4,-0.5
25MAY2011,24.0,0.1,26.8,-0.1,27.5,-0.4,28.3,-0.7
01JUN2011,24.3,0.7,26.8,-0.0,27.5,-0.3,28.4,-0.6
08JUN2011,24.2,0.9,26.7,-0.0,27.5,-0.3,28.4,-0.5
15JUN2011,23.8,0.8,26.6,0.0,27.4,-0.3,28.4,-0.6
22JUN2011,23.2,0.5,26.5,0.1,27.4,-0.2,28.4,-0.6
29JUN2011,22.9,0.5,26.1,-0.1,27.4,-0.2,28.6,-0.4
06JUL2011,22.2,0.2,25.8,-0.2,27.1,-0.4,28.5,-0.5
13JUL2011,21.9,0.1,25.7,-0.1,27.1,-0.3,28.5,-0.4
20JUL2011,22.1,0.5,25.6,-0.1,26.9,-0.4,28.4,-0.5
27JUL2011,21.9,0.6,25.3,-0.2,26.8,-0.4,28.4,-0.5
03AUG2011,21.5,0.4,25.0,-0.3,26.4,-0.6,28.3,-0.6
10AUG2011,20.9,-0.0,24.6,-0.6,26.3,-0.6,28.4,-0.4
17AUG2011,20.5,-0.1,24.5,-0.6,26.0,-0.9,28.2,-0.6
24AUG2011,20.2,-0.4,24.3,-0.6,26.1,-0.8,28.3,-0.5
31AUG2011,20.0,-0.5,24.4,-0.5,26.1,-0.7,28.3,-0.5
07SEP2011,19.7,-0.7,24.2,-0.7,26.1,-0.7,28.2,-0.6
14SEP2011,19.6,-0.8,24.1,-0.7,26.0,-0.8,28.0,-0.7
21SEP2011,19.8,-0.6,24.3,-0.6,25.9,-0.9,27.8,-1.0
28SEP2011,19.9,-0.6,24.1,-0.7,26.0,-0.8,28.0,-0.8
05OCT2011,19.8,-0.8,24.1,-0.8,25.7,-1.0,27.7,-1.0
12OCT2011,19.7,-1.0,24.1,-0.8,25.8,-0.9,27.9,-0.9
19OCT2011,20.0,-0.8,23.9,-1.1,25.8,-0.9,28.1,-0.7
26OCT2011,21.2,0.2,23.8,-1.2,25.4,-1.3,28.0,-0.8
02NOV2011,20.5,-0.8,23.9,-1.1,25.6,-1.1,27.9,-0.9
09NOV2011,20.5,-0.9,23.9,-1.1,25.7,-1.0,27.9,-0.8
16NOV2011,20.5,-1.1,23.8,-1.2,25.6,-1.2,27.9,-0.9
23NOV2011,21.4,-0.5,24.0,-1.1,25.6,-1.1,27.8,-0.9
30NOV2011,21.0,-1.2,23.8,-1.3,25.4,-1.3,27.7,-1.0
07DEC2011,21.4,-1.0,23.9,-1.2,25.5,-1.2,27.5,-1.1
14DEC2011,21.5,-1.2,24.1,-1.1,25.6,-1.1,27.4,-1.2
21DEC2011,22.1,-0.9,24.5,-0.8,25.6,-1.0,27.2,-1.3
28DEC2011,22.6,-0.8,24.4,-1.0,25.5,-1.1,27.1,-1.3
04JAN2012,22.7,-1.1,24.6,-0.9,25.5,-1.1,27.2,-1.2
11JAN2012,23.7,-0.5,24.8,-0.7,25.6,-1.0,27.1,-1.3
18JAN2012,24.0,-0.6,24.9,-0.8,25.4,-1.2,27.1,-1.3
25JAN2012,24.6,-0.4,25.2,-0.7,25.5,-1.2,26.9,-1.4
01FEB2012,24.6,-0.8,25.2,-0.8,25.5,-1.2,27.0,-1.3
08FEB2012,25.2,-0.5,25.6,-0.6,25.7,-1.0,27.1,-1.1
15FEB2012,26.9,0.8,26.3,-0.1,26.1,-0.7,27.1,-1.1
22FEB2012,26.9,0.7,26.8,0.2,26.5,-0.4,27.4,-0.9
29FEB2012,27.3,0.9,27.1,0.3,26.4,-0.6,27.2,-1.0
07MAR2012,26.6,0.1,26.7,-0.2,26.4,-0.7,27.3,-1.0
14MAR2012,26.6,0.1,26.6,-0.5,26.6,-0.7,27.5,-0.8
21MAR2012,26.7,0.3,27.0,-0.3,26.7,-0.6,27.8,-0.6
28MAR2012,26.9,0.7,27.5,0.2,27.1,-0.4,27.7,-0.7
04APR2012,26.2,0.2,27.6,0.2,27.2,-0.4,27.9,-0.6
11APR2012,27.4,1.7,27.8,0.3,27.3,-0.5,28.1,-0.5
18APR2012,26.8,1.4,27.5,-0.1,27.3,-0.6,28.1,-0.6
25APR2012,26.6,1.4,27.5,0.0,27.6,-0.3,28.4,-0.3
02MAY2012,26.3,1.4,27.4,0.0,27.7,-0.3,28.4,-0.4
09MAY2012,25.7,1.1,27.3,0.0,27.8,-0.1,28.4,-0.4
16MAY2012,25.2,0.9,27.2,-0.0,27.8,-0.1,28.5,-0.5
23MAY2012,24.8,0.8,27.1,0.1,27.8,-0.1,28.6,-0.3
30MAY2012,24.5,0.8,27.2,0.3,27.9,0.1,28.7,-0.3
06JUN2012,24.7,1.3,27.1,0.3,27.8,0.0,28.6,-0.4
13JUN2012,24.4,1.3,27.1,0.5,27.9,0.2,28.6,-0.4
20JUN2012,24.3,1.5,27.1,0.6,28.0,0.3,28.8,-0.2
27JUN2012,23.8,1.4,27.1,0.8,28.1,0.5,28.9,-0.1
04JUL2012,23.2,1.0,26.8,0.7,27.9,0.4,28.8,-0.2
11JUL2012,22.6,0.7,26.6,0.7,27.7,0.3,28.8,-0.2
18JUL2012,22.6,1.1,26.5,0.8,27.7,0.4,28.8,-0.1
25JUL2012,22.0,0.7,26.4,0.9,27.7,0.5,28.9,0.0
01AUG2012,21.6,0.5,26.1,0.8,27.6,0.6,29.0,0.1
08AUG2012,20.9,-0.0,25.9,0.7,27.7,0.7,29.1,0.3
15AUG2012,20.8,0.1,25.6,0.5,27.4,0.5,29.1,0.3
22AUG2012,21.0,0.4,25.5,0.5,27.4,0.5,29.1,0.3
29AUG2012,20.3,-0.2,25.6,0.6,27.7,0.9,29.1,0.4
05SEP2012,20.7,0.3,25.5,0.6,27.5,0.8,29.2,0.4
12SEP2012,20.9,0.5,25.3,0.4,27.3,0.5,29.1,0.3
19SEP2012,21.0,0.5,25.2,0.3,27.0,0.3,29.0,0.3
26SEP2012,21.0,0.5,25.1,0.2,26.9,0.2,29.1,0.4
03OCT2012,20.5,-0.1,24.8,-0.1,26.8,0.1,29.0,0.2
10OCT2012,20.2,-0.5,24.7,-0.2,26.8,0.1,29.1,0.3
17OCT2012,20.5,-0.3,25.0,0.0,27.0,0.3,29.1,0.4
24OCT2012,21.0,0.0,25.0,0.1,27.2,0.5,29.3,0.6
31OCT2012,21.5,0.3,25.2,0.2,27.1,0.3,29.2,0.5
07NOV2012,21.5,0.2,25.1,0.1,27.0,0.3,29.2,0.5
14NOV2012,21.0,-0.5,25.2,0.1,27.2,0.4,29.3,0.5
21NOV2012,21.1,-0.6,25.1,0.1,26.9,0.2,29.1,0.3
28NOV2012,20.7,-1.3,24.9,-0.2,26.8,0.1,28.9,0.2
05DEC2012,21.5,-0.8,24.9,-0.2,26.5,-0.1,28.6,0.0
12DEC2012,21.8,-0.8,24.8,-0.4,26.5,-0.1,28.8,0.2
19DEC2012,22.4,-0.5,24.9,-0.3,26.4,-0.3,28.6,0.1
26DEC2012,22.7,-0.6,25.0,-0.4,26.4,-0.2,28.6,0.1
02JAN2013,23.3,-0.4,25.0,-0.5,26.3,-0.3,28.4,0.0
09JAN2013,23.7,-0.4,24.8,-0.7,26.0,-0.6,28.3,-0.0
16JAN2013,24.1,-0.4,25.0,-0.6,26.0,-0.6,28.1,-0.2
23JAN2013,24.2,-0.6,25.3,-0.5,26.4,-0.2,28.2,-0.1
30JAN2013,24.8,-0.5,25.1,-0.9,26.1,-0.5,28.1,-0.1
06FEB2013,25.4,-0.3,25.5,-0.7,26.2,-0.5,28.1,-0.1
13FEB2013,25.9,-0.1,25.9,-0.4,26.4,-0.3,28.1,-0.1
20FEB2013,25.6,-0.6,26.2,-0.3,26.3,-0.5,27.9,-0.3
27FEB2013,25.8,-0.5,26.5,-0.3,26.6,-0.4,27.9,-0.3
06MAR2013,26.7,0.3,27.0,0.1,26.9,-0.2,27.9,-0.3
13MAR2013,27.0,0.5,27.1,-0.0,26.8,-0.4,27.7,-0.6
20MAR2013,26.6,0.1,27.6,0.3,27.1,-0.2,28.0,-0.4
27MAR2013,25.6,-0.6,27.6,0.2,27.3,-0.1,28.1,-0.3
03APR2013,25.0,-1.0,27.3,-0.1,27.6,-0.0,28.3,-0.2
10APR2013,24.8,-0.9,27.5,-0.1,27.7,-0.1,28.5,-0.1
17APR2013,24.6,-0.9,27.5,-0.1,27.7,-0.2,28.5,-0.2
24APR2013,24.5,-0.7,27.3,-0.2,27.7,-0.2,28.4,-0.3
01MAY2013,23.6,-1.3,26.9,-0.5,27.8,-0.1,28.7,-0.1
08MAY2013,22.9,-1.8,26.7,-0.6,27.7,-0.2,28.7,-0.1
15MAY2013,23.2,-1.2,26.5,-0.7,27.5,-0.5,28.6,-0.3
22MAY2013,22.3,-1.7,25.9,-1.1,27.4,-0.5,28.7,-0.3
29MAY2013,21.5,-2.2,25.9,-1.0,27.5,-0.3,28.8,-0.1
05JUN2013,22.0,-1.5,25.9,-0.9,27.5,-0.4,28.8,-0.2
12JUN2013,21.9,-1.2,25.9,-0.7,27.5,-0.3,28.8,-0.2
19JUN2013,21.1,-1.7,25.7,-0.8,27.3,-0.4,28.6,-0.4
26JUN2013,20.5,-2.0,25.6,-0.7,27.4,-0.2,28.8,-0.2
03JUL2013,20.6,-1.6,25.4,-0.7,27.2,-0.3,28.8,-0.1
10JUL2013,20.5,-1.4,25.0,-0.9,26.9,-0.5,28.8,-0.2
17JUL2013,20.1,-1.5,24.8,-0.9,26.8,-0.5,28.7,-0.2
24JUL2013,20.3,-1.1,24.9,-0.7,26.8,-0.4,28.7,-0.2
31JUL2013,19.8,-1.3,24.6,-0.9,26.8,-0.3,28.7,-0.1
07AUG2013,19.8,-1.2,24.5,-0.8,26.7,-0.3,28.6,-0.3
14AUG2013,19.6,-1.2,24.4,-0.7,26.4,-0.5,28.7,-0.1
21AUG2013,19.9,-0.8,24.4,-0.6,26.4,-0.5,28.7,-0.1
28AUG2013,19.4,-1.1,24.5,-0.5,26.7,-0.1,28.8,0.1
04SEP2013,19.6,-0.9,24.6,-0.3,26.8,0.0,28.8,0.0
11SEP2013,20.0,-0.4,24.7,-0.2,26.8,0.0,28.7,-0.1
18SEP2013,19.9,-0.5,24.9,0.1,26.7,-0.1,28.6,-0.1
25SEP2013,20.1,-0.4,24.7,-0.2,26.5,-0.2,28.5,-0.2
02OCT2013,19.7,-0.9,24.6,-0.3,26.4,-0.3,28.7,-0.1
09OCT2013,20.1,-0.6,24.6,-0.3,26.3,-0.4,28.6,-0.1
16OCT2013,20.3,-0.4,24.8,-0.2,26.3,-0.4,28.6,-0.2
23OCT2013,20.5,-0.4,24.7,-0.3,26.3,-0.4,28.7,-0.1
30OCT2013,20.5,-0.7,24.8,-0.2,26.5,-0.3,28.8,0.1
06NOV2013,21.0,-0.4,24.8,-0.2,26.6,-0.1,28.9,0.1
13NOV2013,21.1,-0.4,24.7,-0.3,26.6,-0.1,28.9,0.2
20NOV2013,21.3,-0.4,24.8,-0.2,26.7,0.0,28.9,0.2
27NOV2013,21.7,-0.3,24.9,-0.2,26.7,-0.0,28.8,0.1
04DEC2013,22.0,-0.2,24.9,-0.3,26.8,0.1,28.8,0.2
11DEC2013,22.4,-0.1,25.1,-0.1,26.6,-0.1,28.7,0.1
18DEC2013,22.4,-0.5,25.2,-0.1,26.5,-0.1,28.6,0.0
25DEC2013,22.8,-0.4,25.2,-0.1,26.4,-0.2,28.5,0.0
01JAN2014,23.7,0.0,25.2,-0.2,26.3,-0.3,28.2,-0.3
08JAN2014,24.2,0.1,25.1,-0.5,26.0,-0.6,28.2,-0.2
15JAN2014,25.0,0.6,25.2,-0.4,25.9,-0.7,28.0,-0.3
22JAN2014,25.4,0.6,25.6,-0.2,26.2,-0.4,28.1,-0.1
29JAN2014,25.4,0.2,25.3,-0.7,25.9,-0.7,27.9,-0.3
05FEB2014,25.1,-0.5,25.3,-0.8,25.9,-0.7,28.1,-0.1
12FEB2014,25.4,-0.6,25.4,-0.9,26.2,-0.5,28.5,0.3
19FEB2014,25.1,-1.1,25.7,-0.7,26.4,-0.4,28.5,0.3
26FEB2014,25.5,-0.8,26.0,-0.6,26.3,-0.7,28.2,0.0
05MAR2014,26.1,-0.4,26.4,-0.5,26.6,-0.5,28.5,0.2
12MAR2014,25.8,-0.7,26.8,-0.3,26.8,-0.4,28.7,0.4
19MAR2014,25.2,-1.3,27.3,0.0,27.4,0.0,28.8,0.4
26MAR2014,25.4,-0.8,27.6,0.3,27.6,0.2,29.0,0.6
02APR2014,25.2,-0.8,27.8,0.4,27.8,0.2,29.0,0.5
09APR2014,24.9,-0.9,27.6,0.0,27.9,0.1,29.1,0.5
16APR2014,24.8,-0.8,27.7,0.1,28.0,0.1,29.1,0.4
23APR2014,25.3,0.0,27.8,0.3,28.2,0.3,29.2,0.4
30APR2014,25.7,0.7,27.8,0.4,28.2,0.3,29.3,0.5
07MAY2014,25.8,1.0,27.8,0.5,28.3,0.3,29.5,0.7
14MAY2014,25.5,1.1,27.7,0.5,28.3,0.3,29.5,0.6
21MAY2014,25.4,1.3,27.6,0.6,28.3,0.4,29.6,0.7
28MAY2014,25.3,1.5,27.6,0.6,28.4,0.5,29.7,0.7
04JUN2014,24.8,1.3,27.5,0.7,28.3,0.4,29.6,0.6
11JUN2014,24.6,1.4,27.3,0.7,28.1,0.3,29.5,0.5
18JUN2014,24.8,2.0,27.4,0.9,28.1,0.4,29.4,0.4
25JUN2014,24.0,1.5,27.2,0.9,28.0,0.4,29.3,0.3
02JUL2014,23.6,1.4,27.0,0.9,27.8,0.3,29.1,0.2
09JUL2014,23.0,1.0,26.5,0.5,27.6,0.2,29.1,0.2
16JUL2014,23.1,1.4,26.2,0.5,27.4,0.1,29.1,0.2
23JUL2014,22.9,1.5,26.0,0.4,27.1,-0.1,28.9,0.0
30JUL2014,21.8,0.6,25.5,0.1,26.9,-0.2,29.0,0.1
06AUG2014,22.2,1.2,25.6,0.3,27.0,-0.0,29.2,0.4
13AUG2014,21.9,1.2,25.5,0.4,26.9,-0.0,29.0,0.2
20AUG2014,22.1,1.4,25.5,0.5,27.1,0.3,29.1,0.3
27AUG2014,21.3,0.8,25.4,0.4,27.2,0.3,29.2,0.4
03SEP2014,21.7,1.2,25.3,0.4,27.1,0.3,29.2,0.4
10SEP2014,21.1,0.7,25.3,0.4,27.3,0.5,29.4,0.6
17SEP2014,21.0,0.7,25.2,0.4,27.2,0.5,29.4,0.7
24SEP2014,21.2,0.8,25.4,0.5,27.1,0.4,29.3,0.5
01OCT2014,21.7,1.1,25.4,0.5,27.1,0.3,29.2,0.4
08OCT2014,21.3,0.6,25.5,0.5,27.1,0.4,29.1,0.4
15OCT2014,21.5,0.8,25.5,0.5,27.2,0.5,29.4,0.6
22OCT2014,21.8,0.9,25.8,0.8,27.2,0.5,29.4,0.6
29OCT2014,21.8,0.7,25.8,0.8,27.3,0.5,29.4,0.6
05NOV2014,21.9,0.6,25.8,0.8,27.4,0.7,29.5,0.7
12NOV2014,22.4,0.9,25.8,0.8,27.5,0.7,29.5,0.8
19NOV2014,22.6,0.9,26.0,0.9,27.5,0.8,29.5,0.8
26NOV2014,22.4,0.4,25.9,0.8,27.6,0.9,29.5,0.8
03DEC2014,22.3,0.1,25.8,0.6,27.4,0.7,29.4,0.8
10DEC2014,22.8,0.3,26.0,0.8,27.5,0.8,29.4,0.8
17DEC2014,22.9,0.1,26.0,0.8,27.4,0.8,29.4,0.9
24DEC2014,23.1,-0.1,26.0,0.7,27.3,0.7,29.3,0.8
31DEC2014,23.6,0.0,25.9,0.5,27.1,0.5,29.2,0.8
07JAN2015,23.7,-0.2,25.9,0.4,27.0,0.4,29.1,0.7
14JAN2015,24.0,-0.4,25.9,0.3,27.1,0.5,29.1,0.8
21JAN2015,24.3,-0.4,26.1,0.3,27.2,0.6,29.2,0.9
28JAN2015,24.8,-0.3,26.2,0.3,27.2,0.6,29.1,0.8
04FEB2015,25.0,-0.6,26.2,0.1,27.2,0.5,29.1,0.9
11FEB2015,25.1,-0.9,26.6,0.3,27.2,0.5,29.0,0.9
18FEB2015,26.1,-0.1,26.7,0.2,27.3,0.5,29.0,0.9
25FEB2015,26.1,-0.2,26.8,0.1,27.5,0.6,29.3,1.1
04MAR2015,25.8,-0.6,26.9,0.0,27.5,0.5,29.3,1.0
11MAR2015,26.1,-0.4,26.8,-0.2,27.6,0.4,29.2,0.9
18MAR2015,26.5,-0.0,27.3,0.1,27.8,0.5,29.4,1.0
25MAR2015,27.4,1.1,27.8,0.5,28.0,0.6,29.3,0.9
01APR2015,27.4,1.3,27.9,0.5,28.2,0.6,29.5,1.0
08APR2015,26.7,0.9,27.9,0.4,28.4,0.6,29.6,1.0
15APR2015,26.8,1.2,28.3,0.7,28.7,0.8,29.7,1.1
22APR2015,26.7,1.4,28.4,0.9,28.7,0.8,29.9,1.2
29APR2015,26.8,1.7,28.3,0.9,28.8,0.9,30.0,1.2
06MAY2015,26.9,2.1,28.4,1.1,28.8,0.9,29.9,1.0
13MAY2015,26.4,1.9,28.2,1.0,28.8,0.9,29.8,0.9
20MAY2015,26.6,2.5,28.2,1.1,28.9,1.0,29.8,0.9
27MAY2015,26.3,2.5,28.2,1.3,29.0,1.2,29.9,1.0
03JUN2015,25.3,1.8,28.1,1.3,29.0,1.1,30.0,1.0
10JUN2015,25.7,2.4,28.1,1.4,29.0,1.2,29.9,1.0
17JUN2015,25.4,2.5,28.2,1.7,29.0,1.3,29.9,0.9
24JUN2015,25.1,2.5,28.1,1.7,28.9,1.3,29.9,0.9
01JUL2015,24.9,2.6,28.0,1.9,28.9,1.3,29.8,0.9
08JUL2015,25.2,3.2,27.9,2.0,28.8,1.4,29.9,0.9
15JUL2015,24.6,2.9,27.9,2.1,28.9,1.6,29.8,0.9
22JUL2015,23.7,2.3,27.6,2.0,28.8,1.5,29.8,0.9
29JUL2015,23.9,2.6,27.4,2.0,28.8,1.6,29.7,0.8
05AUG2015,23.6,2.6,27.6,2.3,28.9,1.8,29.6,0.8
12AUG2015,22.8,2.0,27.3,2.2,28.9,1.9,29.6,0.8
19AUG2015,22.4,1.7,27.2,2.2,28.9,2.0,29.7,0.9
26AUG2015,22.6,2.0,27.3,2.3,29.0,2.2,29.7,0.9
02SEP2015,22.7,2.2,27.3,2.4,28.9,2.1,29.7,0.9
09SEP2015,22.5,2.0,27.4,2.6,29.0,2.3,29.7,0.9
16SEP2015,23.0,2.6,27.6,2.7,29.0,2.3,29.8,1.0
23SEP2015,23.2,2.7,27.5,2.6,29.0,2.3,29.8,1.0
30SEP2015,23.4,2.8,27.6,2.7,29.1,2.3,29.7,1.0
07OCT2015,23.4,2.8,27.7,2.7,29.1,2.4,29.7,0.9
14OCT2015,23.3,2.5,27.5,2.5,29.1,2.4,29.7,1.0
21OCT2015,23.1,2.2,27.5,2.5,29.2,2.4,29.9,1.2
28OCT2015,23.4,2.4,27.7,2.7,29.4,2.6,30.0,1.2
04NOV2015,23.4,2.1,27.8,2.7,29.5,2.7,30.3,1.5
11NOV2015,23.5,2.1,27.9,2.9,29.7,2.9,30.3,1.6
18NOV2015,23.8,2.1,28.0,2.9,29.7,3.0,30.4,1.6
25NOV2015,24.4,2.4,28.0,2.9,29.6,2.9,30.3,1.6
02DEC2015,24.7,2.5,27.9,2.8,29.5,2.8,30.2,1.5
09DEC2015,24.8,2.3,28.0,2.8,29.4,2.7,30.2,1.6
16DEC2015,25.2,2.5,28.0,2.8,29.5,2.8,30.2,1.6
23DEC2015,25.2,2.1,28.0,2.7,29.3,2.7,30.0,1.5
30DEC2015,25.2,1.6,28.0,2.6,29.3,2.7,29.9,1.4
06JAN2016,25.7,1.8,28.1,2.7,29.1,2.6,29.7,1.3
13JAN2016,25.7,1.4,28.3,2.8,29.2,2.6,29.6,1.2
20JAN2016,26.0,1.3,28.2,2.5,29.1,2.6,29.6,1.3
27JAN2016,26.1,1.0,28.2,2.3,29.1,2.5,29.7,1.4
03FEB2016,26.6,1.1,28.3,2.2,29.3,2.6,29.6,1.4
10FEB2016,26.5,0.6,28.3,2.1,29.2,2.5,29.6,1.4
17FEB2016,26.6,0.4,28.3,1.9,29.1,2.3,29.5,1.3
24FEB2016,27.1,0.8,28.4,1.8,29.0,2.1,29.5,1.3
02MAR2016,27.3,0.9,28.6,1.8,28.9,1.9,29.5,1.2
09MAR2016,27.7,1.2,28.6,1.6,28.9,1.8,29.6,1.3
16MAR2016,27.5,0.9,28.8,1.6,28.9,1.7,29.6,1.2
23MAR2016,27.2,0.8,28.6,1.3,28.8,1.4,29.5,1.1
30MAR2016,27.5,1.4,28.9,1.6,29.0,1.4,29.5,1.0
06APR2016,27.1,1.2,28.8,1.3,28.9,1.2,29.3,0.8
13APR2016,25.6,0.0,28.6,1.1,29.1,1.2,29.3,0.7
20APR2016,24.7,-0.7,28.0,0.5,28.9,1.0,29.4,0.7
27APR2016,24.7,-0.4,27.7,0.3,28.7,0.7,29.5,0.8
04MAY2016,25.1,0.2,27.6,0.3,28.6,0.7,29.5,0.7
11MAY2016,24.9,0.4,27.6,0.3,28.4,0.5,29.4,0.5
18MAY2016,24.3,0.0,26.9,-0.2,28.1,0.1,29.4,0.4
25MAY2016,24.0,0.0,26.6,-0.4,27.7,-0.2,29.4,0.4
01JUN2016,23.4,-0.2,26.4,-0.4,27.6,-0.3,29.3,0.3
08JUN2016,23.7,0.4,26.6,-0.1,27.8,-0.0,29.5,0.5
15JUN2016,23.3,0.3,26.6,0.0,27.8,0.1,29.5,0.5
22JUN2016,22.4,-0.2,25.9,-0.4,27.2,-0.5,29.3,0.3
29JUN2016,22.6,0.3,25.9,-0.3,27.1,-0.5,29.1,0.1
06JUL2016,22.2,0.2,25.5,-0.6,27.0,-0.5,29.1,0.2
13JUL2016,21.8,-0.0,25.1,-0.7,26.7,-0.7,29.1,0.1
20JUL2016,21.6,0.1,25.1,-0.6,26.6,-0.7,29.0,0.1
27JUL2016,21.3,0.0,24.8,-0.7,26.6,-0.6,29.0,0.1
03AUG2016,21.5,0.4,24.7,-0.6,26.4,-0.6,28.8,-0.1
10AUG2016,21.0,0.1,24.5,-0.7,26.3,-0.7,28.6,-0.3
17AUG2016,21.1,0.5,24.5,-0.5,26.3,-0.5,28.7,-0.1
24AUG2016,20.8,0.2,24.4,-0.6,26.2,-0.7,28.6,-0.2
31AUG2016,20.9,0.3,24.6,-0.3,26.0,-0.8,28.5,-0.2
07SEP2016,20.8,0.3,24.6,-0.3,26.1,-0.7,28.6,-0.2
14SEP2016,20.6,0.2,24.7,-0.2,26.1,-0.6,28.5,-0.3
21SEP2016,21.2,0.8,24.8,-0.1,26.3,-0.4,28.5,-0.3
28SEP2016,21.2,0.6,24.7,-0.2,25.9,-0.8,28.1,-0.6
05OCT2016,20.8,0.1,24.3,-0.7,25.8,-1.0,28.1,-0.7
12OCT2016,21.8,1.0,24.8,-0.1,26.1,-0.7,28.2,-0.5
19OCT2016,20.7,-0.1,24.4,-0.6,26.1,-0.6,28.4,-0.4
26OCT2016,21.3,0.3,24.4,-0.5,25.9,-0.8,28.2,-0.5
02NOV2016,21.2,-0.0,24.3,-0.7,25.8,-0.9,28.0,-0.7
09NOV2016,21.8,0.4,24.5,-0.5,26.0,-0.8,28.1,-0.6
16NOV2016,21.5,-0.0,24.7,-0.4,26.2,-0.5,28.3,-0.5
23NOV2016,21.6,-0.3,24.7,-0.4,26.3,-0.5,28.3,-0.4
30NOV2016,22.2,0.1,24.5,-0.6,26.2,-0.5,28.4,-0.3
07DEC2016,22.8,0.4,24.6,-0.6,26.0,-0.7,28.3,-0.3
14DEC2016,23.2,0.5,24.6,-0.6,26.1,-0.5,28.2,-0.3
21DEC2016,23.6,0.6,25.0,-0.3,26.2,-0.4,28.3,-0.2
28DEC2016,24.2,0.8,25.0,-0.3,26.3,-0.3,28.3,-0.2
04JAN2017,23.9,0.1,25.0,-0.5,26.1,-0.5,28.2,-0.2
11JAN2017,25.1,0.9,25.5,-0.1,26.2,-0.3,28.2,-0.2
18JAN2017,26.2,1.6,25.8,0.1,26.4,-0.2,28.1,-0.2
25JAN2017,26.9,1.9,25.9,0.0,26.2,-0.4,28.1,-0.2
01FEB2017,26.8,1.5,26.4,0.4,26.4,-0.3,27.9,-0.3
08FEB2017,27.2,1.4,26.9,0.7,26.8,0.1,27.9,-0.3
15FEB2017,27.7,1.5,27.1,0.7,26.9,0.2,28.1,-0.1
22FEB2017,28.5,2.2,27.3,0.7,27.1,0.2,28.0,-0.2
01MAR2017,28.5,2.2,27.1,0.4,26.9,-0.1,28.1,-0.2
08MAR2017,28.5,2.0,27.4,0.4,26.8,-0.3,27.8,-0.5
15MAR2017,29.1,2.5,27.9,0.7,27.5,0.3,28.2,-0.1
22MAR2017,28.5,2.1,27.8,0.6,27.5,0.1,28.2,-0.2
29MAR2017,27.8,1.7,28.1,0.7,27.7,0.2,28.3,-0.2
05APR2017,26.7,0.8,28.2,0.7,27.9,0.2,28.3,-0.2
12APR2017,26.1,0.4,28.2,0.6,28.0,0.1,28.5,-0.1
19APR2017,26.4,1.0,28.1,0.5,28.3,0.4,28.8,0.2
26APR2017,26.0,0.9,28.0,0.5,28.3,0.4,28.9,0.1
03MAY2017,25.6,0.7,27.8,0.4,28.3,0.3,28.9,0.1
10MAY2017,25.4,0.8,27.8,0.5,28.3,0.4,29.1,0.2
17MAY2017,25.2,0.9,27.6,0.4,28.2,0.3,29.0,0.1
24MAY2017,24.2,0.2,27.5,0.5,28.4,0.5,29.1,0.2
31MAY2017,23.7,0.1,27.2,0.4,28.3,0.5,29.2,0.2
07JUN2017,23.1,-0.2,26.9,0.1,28.1,0.3,29.3,0.3
14JUN2017,22.9,-0.2,26.7,0.1,28.2,0.4,29.4,0.4
21JUN2017,22.9,0.2,26.7,0.3,28.3,0.6,29.5,0.5
28JUN2017,22.8,0.3,26.5,0.2,28.1,0.5,29.4,0.4
05JUL2017,21.7,-0.4,26.1,0.1,28.0,0.5,29.4,0.4
12JUL2017,21.8,-0.1,26.1,0.2,27.8,0.4,29.3,0.3
19JUL2017,21.4,-0.2,25.7,0.0,27.6,0.3,29.2,0.3
26JUL2017,21.3,-0.1,25.5,-0.0,27.1,-0.1,28.9,0.0
02AUG2017,20.9,-0.2,25.4,0.1,27.2,0.1,28.9,0.1
09AUG2017,20.5,-0.4,25.1,-0.1,26.7,-0.3,28.7,-0.1
16AUG2017,19.9,-0.7,24.5,-0.5,26.4,-0.5,28.8,-0.0
23AUG2017,19.6,-1.0,24.6,-0.4,26.7,-0.1,28.9,0.1
30AUG2017,20.3,-0.2,24.5,-0.4,26.5,-0.3,28.8,0.1
06SEP2017,20.4,-0.1,24.3,-0.6,26.2,-0.6,28.7,-0.0
13SEP2017,19.7,-0.7,24.0,-0.9,26.1,-0.6,28.7,-0.1
20SEP2017,19.3,-1.1,23.9,-1.0,26.3,-0.5,28.7,-0.1
27SEP2017,19.5,-1.0,24.4,-0.5,26.5,-0.2,28.4,-0.3
04OCT2017,19.3,-1.3,24.7,-0.2,26.7,-0.1,28.7,-0.0
11OCT2017,19.5,-1.2,24.4,-0.5,26.2,-0.6,28.5,-0.2
18OCT2017,19.5,-1.3,23.9,-1.1,25.9,-0.9,28.3,-0.5
25OCT2017,19.6,-1.4,24.2,-0.8,26.2,-0.5,28.5,-0.3
01NOV2017,20.4,-0.8,24.4,-0.6,26.3,-0.5,28.7,-0.0
08NOV2017,20.2,-1.1,23.8,-1.2,25.6,-1.2,28.3,-0.4
15NOV2017,20.6,-1.0,23.8,-1.2,25.6,-1.2,28.2,-0.5
22NOV2017,20.6,-1.2,23.9,-1.2,25.9,-0.9,28.5,-0.3
29NOV2017,20.8,-1.3,23.9,-1.2,25.9,-0.8,28.5,-0.1
06DEC2017,20.8,-1.6,24.1,-1.1,25.7,-0.9,28.2,-0.4
13DEC2017,21.3,-1.3,24.0,-1.2,25.8,-0.8,28.1,-0.4
20DEC2017,21.6,-1.4,23.8,-1.5,25.6,-1.0,28.1,-0.4
27DEC2017,22.1,-1.3,24.4,-1.0,26.0,-0.6,28.2,-0.3
03JAN2018,22.9,-0.8,24.0,-1.4,25.8,-0.8,28.3,-0.2
10JAN2018,23.3,-0.9,24.3,-1.3,25.6,-0.9,28.2,-0.2
17JAN2018,23.9,-0.6,24.7,-0.9,26.0,-0.6,27.9,-0.4
24JAN2018,24.0,-0.9,24.7,-1.1,25.9,-0.7,27.8,-0.5
31JAN2018,24.4,-0.9,24.8,-1.2,25.8,-0.9,27.7,-0.5
07FEB2018,24.9,-0.8,24.9,-1.3,25.8,-0.9,27.8,-0.4
14FEB2018,25.5,-0.6,25.3,-1.1,25.8,-1.0,27.7,-0.5
21FEB2018,26.2,-0.1,25.7,-0.9,25.8,-1.1,27.9,-0.3
28FEB2018,26.5,0.1,26.1,-0.6,26.1,-0.8,27.9,-0.3
07MAR2018,26.0,-0.5,26.0,-0.9,26.3,-0.8,28.0,-0.3
14MAR2018,25.8,-0.8,26.3,-0.8,26.5,-0.7,28.1,-0.2
21MAR2018,25.2,-1.3,26.5,-0.8,26.5,-0.9,28.2,-0.2
28MAR2018,25.5,-0.7,26.7,-0.6,26.7,-0.8,28.2,-0.3
04APR2018,24.7,-1.2,27.1,-0.4,27.1,-0.6,28.3,-0.2
11APR2018,24.3,-1.4,27.2,-0.4,27.3,-0.5,28.5,-0.1
18APR2018,24.1,-1.3,27.2,-0.4,27.6,-0.3,28.6,-0.0
25APR2018,24.3,-0.9,27.1,-0.3,27.8,-0.1,29.0,0.2
02MAY2018,24.2,-0.7,26.9,-0.4,27.6,-0.4,28.9,0.1
09MAY2018,23.9,-0.8,27.0,-0.3,27.7,-0.2,29.0,0.1
16MAY2018,23.8,-0.6,26.9,-0.3,27.8,-0.2,29.0,0.1
23MAY2018,23.0,-1.0,26.9,-0.2,27.7,-0.2,29.0,0.0
30MAY2018,23.5,-0.3,27.0,0.1,27.8,-0.1,29.0,0.0
06JUN2018,22.8,-0.6,26.8,0.1,27.7,-0.1,29.0,-0.0
13JUN2018,22.0,-1.1,26.7,0.1,27.9,0.1,29.1,0.1
20JUN2018,21.6,-1.1,26.7,0.2,28.0,0.3,29.2,0.2
27JUN2018,21.7,-0.8,26.6,0.3,27.9,0.3,29.3,0.3
04JUL2018,21.9,-0.2,26.5,0.5,27.7,0.2,29.2,0.2
11JUL2018,21.6,-0.3,26.1,0.2,27.5,0.1,29.0,0.1
18JUL2018,21.3,-0.3,26.1,0.4,27.6,0.3,29.1,0.1
25JUL2018,21.1,-0.3,25.8,0.2,27.4,0.2,29.0,0.1
01AUG2018,21.2,0.1,25.3,-0.1,27.1,-0.0,29.1,0.2
08AUG2018,20.8,-0.1,25.1,-0.1,27.1,0.1,29.2,0.3
15AUG2018,20.9,0.2,25.4,0.3,27.3,0.4,29.5,0.7
22AUG2018,20.4,-0.2,25.1,0.1,27.1,0.2,29.0,0.2
29AUG2018,20.3,-0.3,24.9,-0.1,27.0,0.2,29.1,0.3
05SEP2018,20.1,-0.4,25.0,0.1,27.0,0.2,29.1,0.4
12SEP2018,20.5,0.1,25.2,0.4,27.0,0.3,29.1,0.3
19SEP2018,20.3,-0.1,25.0,0.2,27.0,0.3,29.1,0.3
26SEP2018,20.2,-0.3,25.5,0.6,27.3,0.6,29.3,0.5
03OCT2018,21.3,0.7,25.6,0.7,27.4,0.7,29.5,0.7
10OCT2018,21.1,0.4,25.6,0.6,27.3,0.6,29.5,0.8
17OCT2018,21.1,0.3,25.9,1.0,27.6,0.9,29.6,0.8
24OCT2018,21.3,0.3,25.9,1.0,27.7,1.0,29.8,1.0
31OCT2018,21.4,0.2,25.9,0.9,27.8,1.1,29.8,1.0
07NOV2018,22.1,0.8,25.8,0.8,27.4,0.7,29.5,0.8
14NOV2018,22.2,0.7,25.8,0.8,27.4,0.6,29.5,0.7
21NOV2018,22.6,0.9,26.3,1.2,27.9,1.2,29.6,0.8
28NOV2018,22.5,0.5,26.3,1.1,27.8,1.1,29.6,0.9
05DEC2018,23.1,0.8,26.2,1.0,27.6,0.9,29.7,1.1
12DEC2018,23.4,0.8,26.1,0.9,27.7,1.0,29.7,1.1
19DEC2018,23.7,0.7,26.2,1.0,27.6,1.0,29.5,0.9
26DEC2018,24.1,0.8,26.0,0.7,27.3,0.6,29.2,0.7
02JAN2019,23.9,0.2,26.1,0.6,27.3,0.7,29.1,0.7
09JAN2019,24.6,0.5,26.1,0.6,27.0,0.4,28.9,0.5
16JAN2019,25.4,0.9,26.3,0.7,27.1,0.6,29.0,0.7
23JAN2019,25.1,0.2,26.2,0.4,27.0,0.4,28.9,0.6
30JAN2019,26.3,1.0,26.3,0.3,27.0,0.3,29.0,0.8
06FEB2019,25.9,0.3,26.5,0.4,27.1,0.4,29.0,0.8
13FEB2019,26.6,0.6,26.8,0.5,27.3,0.6,29.0,0.8
20FEB2019,26.4,0.1,27.0,0.5,27.5,0.7,29.1,0.9
27FEB2019,26.6,0.3,27.6,0.9,28.0,1.1,29.2,1.0
06MAR2019,26.8,0.4,27.8,0.9,28.0,1.0,29.1,0.8
13MAR2019,27.1,0.6,27.7,0.6,28.1,0.9,29.0,0.7
20MAR2019,26.6,0.1,28.1,0.9,28.4,1.0,29.1,0.8
27MAR2019,25.9,-0.3,27.9,0.6,28.4,0.9,29.1,0.7
03APR2019,25.9,-0.1,28.2,0.7,28.5,0.8,29.1,0.6
10APR2019,25.8,0.0,28.2,0.6,28.6,0.8,29.2,0.6
17APR2019,25.5,0.0,28.2,0.6,28.6,0.7,29.3,0.6
24APR2019,25.2,-0.0,28.3,0.8,28.7,0.8,29.2,0.5
01MAY2019,25.1,0.2,28.1,0.7,28.7,0.8,29.4,0.6
08MAY2019,24.6,-0.1,27.7,0.4,28.3,0.4,29.4,0.5
15MAY2019,24.1,-0.3,27.5,0.3,28.5,0.6,29.5,0.6
22MAY2019,24.5,0.4,27.7,0.6,28.7,0.7,29.7,0.8
29MAY2019,23.6,-0.1,27.7,0.7,28.7,0.9,29.8,0.9
05JUN2019,22.9,-0.5,27.2,0.5,28.6,0.8,29.9,0.9
12JUN2019,23.1,-0.0,26.9,0.3,28.4,0.6,29.8,0.8
19JUN2019,22.4,-0.4,26.5,0.1,28.1,0.4,29.6,0.6
26JUN2019,22.1,-0.4,26.5,0.3,27.8,0.2,29.0,0.1
03JUL2019,21.8,-0.4,26.1,0.0,28.0,0.5,29.7,0.7
10JUL2019,21.7,-0.2,25.9,-0.0,27.7,0.3,29.7,0.7
17JUL2019,21.3,-0.4,25.6,-0.2,27.4,0.1,29.7,0.8
24JUL2019,21.1,-0.3,25.5,-0.1,27.6,0.4,29.8,0.9
31JUL2019,20.6,-0.6,25.2,-0.2,27.5,0.4,29.8,0.9
07AUG2019,20.3,-0.7,25.3,0.1,27.3,0.3,29.6,0.8
14AUG2019,20.0,-0.8,24.7,-0.3,27.0,0.1,29.5,0.7
21AUG2019,20.3,-0.3,24.7,-0.3,26.8,-0.1,29.5,0.7
28AUG2019,20.2,-0.4,24.6,-0.3,26.5,-0.3,29.2,0.5
04SEP2019,19.8,-0.6,24.9,0.0,26.6,-0.2,29.1,0.4
11SEP2019,19.1,-1.3,24.4,-0.4,26.4,-0.4,29.0,0.2
18SEP2019,19.1,-1.3,24.2,-0.6,26.5,-0.2,29.3,0.5
25SEP2019,20.0,-0.5,24.8,-0.1,27.2,0.5,29.7,1.0
02OCT2019,20.0,-0.6,25.1,0.2,27.2,0.5,29.7,0.9
09OCT2019,19.7,-1.0,24.8,-0.1,27.1,0.4,29.5,0.8
16OCT2019,20.6,-0.2,25.3,0.4,27.5,0.8,29.7,1.0
23OCT2019,19.7,-1.2,25.0,0.1,27.3,0.6,29.7,0.9
30OCT2019,20.8,-0.4,25.4,0.4,27.4,0.7,29.6,0.8
06NOV2019,20.7,-0.6,25.2,0.2,27.2,0.4,29.3,0.6
13NOV2019,20.9,-0.6,25.6,0.6,27.4,0.7,29.6,0.8
20NOV2019,21.7,-0.1,25.6,0.5,27.4,0.6,29.5,0.8
27NOV2019,22.5,0.5,25.4,0.3,27.0,0.3,29.3,0.6
04DEC2019,22.5,0.2,25.3,0.1,26.9,0.2,29.4,0.8
11DEC2019,23.1,0.5,25.5,0.3,27.1,0.4,29.5,0.9
18DEC2019,23.3,0.4,25.5,0.3,27.2,0.5,29.5,1.0
25DEC2019,23.6,0.3,25.5,0.2,27.0,0.4,29.5,1.0
01JAN2020,23.7,0.1,25.7,0.3,27.2,0.6,29.6,1.1
08JAN2020,24.3,0.2,25.9,0.4,27.1,0.5,29.3,0.9
15JAN2020,24.2,-0.2,25.6,-0.1,27.0,0.4,29.2,0.8
22JAN2020,24.6,-0.2,25.8,0.0,26.9,0.3,29.1,0.8
29JAN2020,25.3,0.1,26.1,0.2,27.4,0.8,29.3,1.1
05FEB2020,26.4,0.8,26.1,-0.0,26.9,0.2,29.3,1.1
12FEB2020,26.1,0.1,26.6,0.3,26.8,0.1,28.9,0.8
19FEB2020,26.5,0.3,26.7,0.2,27.4,0.6,29.2,1.0
26FEB2020,27.2,0.9,27.1,0.4,27.4,0.5,29.1,0.9
04MAR2020,27.5,1.1,27.0,0.1,27.5,0.5,29.3,1.0
11MAR2020,26.7,0.2,27.5,0.4,27.7,0.5,29.3,1.0
18MAR2020,26.9,0.4,27.6,0.3,28.1,0.8,29.4,1.1
25MAR2020,27.0,0.7,27.5,0.2,27.9,0.4,28.9,0.5
01APR2020,26.8,0.7,27.9,0.5,28.1,0.5,29.1,0.6
08APR2020,26.5,0.7,28.0,0.5,28.2,0.5,29.4,0.9
15APR2020,25.6,0.0,28.2,0.6,28.5,0.6,29.4,0.8
22APR2020,25.4,0.1,28.1,0.6,28.4,0.5,29.2,0.5
29APR2020,25.1,0.0,27.7,0.3,28.2,0.3,29.0,0.2
06MAY2020,24.8,0.1,27.4,0.1,28.0,0.1,29.0,0.1
13MAY2020,24.5,0.0,27.0,-0.2,27.6,-0.4,29.0,0.1
20MAY2020,23.9,-0.3,26.4,-0.7,27.4,-0.5,28.9,-0.1
27MAY2020,23.3,-0.5,26.3,-0.6,27.3,-0.6,28.7,-0.2
03JUN2020,23.1,-0.4,26.0,-0.8,27.3,-0.5,29.0,0.0
10JUN2020,22.2,-1.0,25.7,-1.0,27.1,-0.7,28.8,-0.2
17JUN2020,22.2,-0.7,25.7,-0.8,27.2,-0.6,29.1,0.1
24JUN2020,21.6,-1.0,25.8,-0.5,27.6,-0.0,29.3,0.3
01JUL2020,21.1,-1.2,25.5,-0.6,27.3,-0.2,29.1,0.1
08JUL2020,21.1,-0.9,25.3,-0.6,27.2,-0.3,29.1,0.1
15JUL2020,20.2,-1.5,25.1,-0.7,27.0,-0.3,28.8,-0.1
22JUL2020,20.2,-1.3,25.0,-0.7,26.8,-0.5,28.7,-0.2
29JUL2020,20.1,-1.2,24.7,-0.8,26.3,-0.8,28.4,-0.5
05AUG2020,19.8,-1.3,24.6,-0.7,26.3,-0.7,28.4,-0.4
12AUG2020,19.9,-0.9,24.8,-0.4,26.4,-0.6,28.3,-0.5
19AUG2020,19.5,-1.1,24.3,-0.7,26.0,-0.9,28.4,-0.4
26AUG2020,20.0,-0.6,24.2,-0.8,26.1,-0.7,28.6,-0.2
02SEP2020,18.9,-1.7,23.6,-1.4,25.8,-0.9,28.4,-0.4
09SEP2020,19.5,-1.0,23.4,-1.4,25.7,-1.0,28.5,-0.3
16SEP2020,20.0,-0.4,23.6,-1.3,25.9,-0.8,28.2,-0.5
23SEP2020,19.6,-0.8,23.6,-1.2,25.7,-1.0,28.1,-0.6
30SEP2020,20.1,-0.4,23.8,-1.1,25.6,-1.1,27.9,-0.8
07OCT2020,19.5,-1.1,23.4,-1.5,25.5,-1.2,27.8,-0.9
14OCT2020,19.6,-1.2,23.6,-1.3,25.3,-1.4,27.8,-1.0
21OCT2020,19.9,-1.0,23.8,-1.2,25.3,-1.4,27.8,-0.9
28OCT2020,20.0,-1.1,23.5,-1.5,24.9,-1.8,27.9,-0.8
04NOV2020,20.3,-0.9,23.6,-1.4,25.1,-1.6,27.8,-0.9
11NOV2020,21.2,-0.2,24.1,-0.9,25.7,-1.1,27.9,-0.8
18NOV2020,21.0,-0.6,23.6,-1.4,25.2,-1.6,27.9,-0.8
25NOV2020,21.0,-0.9,23.7,-1.4,25.3,-1.4,27.9,-0.8
02DEC2020,21.8,-0.4,24.4,-0.7,25.5,-1.1,27.6,-1.1
09DEC2020,22.4,-0.0,24.3,-0.9,25.4,-1.3,27.7,-0.9
16DEC2020,22.0,-0.7,24.3,-0.9,25.6,-1.0,27.8,-0.8
23DEC2020,22.1,-1.0,24.5,-0.8,25.7,-1.0,27.6,-0.9
30DEC2020,22.2,-1.3,24.4,-1.0,25.4,-1.2,27.3,-1.2
06JAN2021,23.1,-0.8,24.7,-0.8,25.5,-1.1,27.1,-1.3
13JAN2021,24.0,-0.3,24.7,-0.9,25.4,-1.2,27.0,-1.3
20JAN2021,23.9,-0.8,25.2,-0.6,25.5,-1.1,26.9,-1.4
27JAN2021,24.6,-0.5,25.7,-0.2,25.9,-0.7,27.1,-1.1
03FEB2021,25.3,-0.2,25.8,-0.3,26.0,-0.7,27.2,-1.1
10FEB2021,25.4,-0.5,25.4,-0.9,25.5,-1.2,27.0,-1.2
17FEB2021,25.7,-0.5,26.2,-0.3,26.0,-0.7,27.2,-1.0
24FEB2021,25.2,-1.1,25.7,-0.9,25.7,-1.2,27.2,-1.0
03MAR2021,26.6,0.2,26.5,-0.4,26.3,-0.7,27.4,-0.8
10MAR2021,27.4,0.9,27.1,0.1,26.9,-0.3,27.7,-0.5
17MAR2021,27.1,0.5,27.0,-0.2,26.8,-0.5,27.9,-0.4
24MAR2021,25.4,-0.9,26.6,-0.7,26.8,-0.6,27.8,-0.6
31MAR2021,24.9,-1.1,26.8,-0.6,27.1,-0.5,27.9,-0.6
07APR2021,25.3,-0.5,26.9,-0.6,27.3,-0.5,28.3,-0.3
14APR2021,24.7,-0.9,26.9,-0.7,27.5,-0.4,28.5,-0.1
21APR2021,24.6,-0.8,27.1,-0.4,27.6,-0.3,28.6,-0.1
